STATUS	TAHUN MASUK	NO PDKT	NAMA LENGKAP	JENIS KELAMIN	TEMPAT LAHIR	TANGGAL LAHIR	ANAK KE	SAUDARA	NIK	ALAMAT	RT	RW	KELURAHAN	KECAMATAN	KOTA	PROVINSI	NOMOR HP AKTIF	NISN	ASAL SEKOLAH	ALAMAT E-MAIL	NAMA AYAH	NIK AYAH	TEMPAT LAHIR AYAH	TANGGAL LAHIR AYAH	PEKERJAAN AYAH	NAMA IBU	NIK IBU	TEMPAT LAHIR IBU	TANGGAL LAHIR IBU	PEKERJAAN IBU	NAMA WALI	NIK WALI	TEMPAT LAHIR WALI	TANGGAL LAHIR WALI	HUBUNGAN	TLP AYAH	TLP IBU	TLP WALI
TIDAK AKTIF	2023	001	RIZKY KURNIAWAN	LAKI-LAKI	JAKARTA	4/14/2008	2	2	3173041404080005	JL. TERATE	004	003	JEMBATAN LIMA	TAMBORA	JAKARTA BARAT	DKI JAKARTA	85881010035	0088832474	MIS CHAIRIYAH MANSURIYAH	rizkikemot16@gmail.com	MUHAMMAD NUR	3173040101700003	JAKARTA	1/1/1970	KARYAWAN SWASTA	WARDIYAH (alm)	Meninggal	Meninggal	Meninggal	Meninggal						-	-	
TIDAK AKTIF	2023	002	ANGELICA PRATAMMY	PEREMPUAN	JAKARTA	5/21/2003	5	1	3173036105030006	JL. KEUTAMAAN DALAM	009	004	KRUKUT	TAMAN SARI	JAKARTA BARAT	DKI JAKARTA	085780322584	3036017443	SD NEGERI KEAGUNGAN 01 PAGI	enji.drakel2105@gmail.com	ARIF SUWANDANA	3173030501820001	JAKARTA	1/5/1982	GOJEK	RINI	3173036506850006	JAKARTA	6/25/1985	MENGURUS RUMAH TANGGA								
BELUM	2023	003	RADITYA ANWAR	LAKI-LAKI	JAKARTA	7/18/2007	3	2	3173041807071001	JL. KRENDANG SELATAN	009	006	KRENDANG	TAMBORA	JAKARTA BARAT	DKI JAKARTA	85819543832		MIS AL MUAWANATUL KHAERIYAH	radityaanwar992@gmail.com	PONCO ARTO	3173042109710003	JAKARTA	9/21/1971	BURUH	LELA SANDRA SARI	3173045204910006	SUKABUMI	12/4/1981	MENGURUS RUMAH TANGGA								
AKTIF	2023	004	SITI ANISA AULIA	PEREMPUAN	PANDEGLANG	5/20/2005	3	2	3173046005050003	JL. TAMBORA V DALAM	004	001	TAMBORA	TAMBORA	JAKARTA BARAT	DKI JAKARTA	085809061778	0052532515	SMP ISLAM TAMBORA	anisaayeaye@gmail.com	HERI AKHYARI	3173042608700001	JAKARTA	8/26/1970	WIRASWASTA	MERI MARYANI	3173044111700002	JAKARTA	11/1/1970	MENGURUS RUMAH TANGGA								
AKTIF	2023	005	FADHILL ROHMAN MARTHIO PUTRA	LAKI-LAKI	TANGGERANG	3/3/2009	5	5	3171010303091001	KP.DURI BARAT	008	008	DURI PULO	GAMBIR	JAKARTA PUSAT	DKI JAKARTA	087817815990 / 087879153804	0097347471	MIS AL MUAWANATUL KHAERIYAH	padilrohmanmartioputra@gmail.com	JOKO MULYONO	3171011212600002	JAKARTA	12/12/1960	TIDAK BEKERJA	MEGAYATI	3171015110690001	JAKARTA	10/11/1960	MENGURUS RUMAH TANGGA						-	083842999514	
AKTIF	2023	006	DISTRIANA PUTRI SHALEHAH	PEREMPUAN	JAKARTA	12/27/2004	1	1	3173036712040003	JL. KRUKUT LIO NO.9	013	003	KRUKUT	TAMAN SARI	JAKARTA BARAT	DKI JAKARTA	089526058231	0044603517	SMP NEGERI 22 JAKARTA	distrianaputrishalehah27@gmail.com	IWAN	3173032308770005	JAKARTA	8/23/1977	WIRASUWASTA	SUSY	3173034501800006	JAKARTA	1/5/1980	MENGURUS RUMAH TANGGA								
AKTIF	2023	007	M. FAZRI GUNAWAN	LAKI-LAKI	JAKARTA	4/17/2007	2	1	3173041706071001	JL. LIBERIA DALAM III NO.16	010	010	PEKOJAN	TAMBORA	JAKARTA BARAT	DKI JAKARTA	088214548512	0072065786	SD NEGERI 1 SELABINTANA	ayuastari1845@gmail.com	ANDRI GUNAWAN	3173040107840003	JAKARTA	6/1/1984	GONDOLA	SITI ROCHMAWATI	3173045204800001	JAKARTA	4/12/1989	MENGURUS RUMAH TANGGA						081212966364	081385206122	
AKTIF	2023	008	INTAN NURAINI	PEREMPUAN	JAKARTA	4/18/2010	2	3	3173045804100001	JL TAMBORA III BETET DALAM NO.1	004	006	TAMBORA	TAMBORA	JAKARTA BARAT	DKI JAKARTA	085711518753	3109743948	MIS NURUL ANWAR	ntannnnuraini@gemail.com	AKHAMAD RUHIYAT	3173041702820011	JAKARTA	2/17/1982	PROYEK	CHANIFAH	3173046105870008	JAKARTA	5/21/1987	MENGURUS RUMAH TANGGA						-	-	
AKTIF	2023	009	DAVIO NATANAEL	LAKI-LAKI	JAKARTA	9/21/2007	2	1	3173042109071003	JL. KRENDANG BARAT	008	005	KRENDANG	TAMBORA	JAKARTA BARAT	DKI JAKARTA	87781340530	0076450478	SDN DURI UTARA 06 PETANG	davionatanael@gmail.com	HENRY	3173040106860001	JAKARTA	6/1/1986	WIRASUATA	INDAH KHAERANI	3173046209890002	JAKARTA	9/22/1989	MENGURUS RUMAH TANGGA						085813527078	-	
TIDAK AKTIF	2023	010	NOVITA DEWI	PEREMPUAN	JAKARTA	11/2/2006	1	1	3173044211060001	JL SAWAH LIO IV DALAM NO.25	003	006	JEMBATAN LIMA	TAMBORA	JAKARTA BARAT	DKI JAKARTA	85817101655	3064897400	MIS TUNAS KARYA	nd4486949@gmail.com	NUR KARDI	3173041505580008	JAKARTA	5/15/1958	BURUH	Nurdilalah	3173045208650004	BOGOR	8/12/1965	MENGURUS RUMAH TANGGA						081270252183	-	
TIDAK AKTIF	2023	011	ALFIANSYAH PRATAMA	LAKI-LAKI	JAKARTA	5/10/2008	5	2	3173041005080007	JEMBATAN BESI	007	002	JEMBATAN BESI	TAMBORA	JAKARTA BARAT	DKI JAKARTA	085717878417	0083280739	SDN KALONGSAWAH 03	alpinjrjr296@gmail.com	ALIYUDIN	3173042409800008	JAKARTA	9/24/1980	WIRASWASTA	IIN INAYAH		JAKARTA	7/15/1985	MENGURUS RUMAH TANGGA								
AKTIF	2023	012	FIKRI A'FAN RAMADHAN	LAKI-LAKI	JAKARTA	10/15/2005	3	2	3173041510051001	JL.JEMBATAN BESI	007	002	JEMBATAN BESI	TAMBORA	JAKARTA BARAT	DKI JAKARTA	085814536962	0055182567	MTSS CHAIRIYAH MANSURIYAH	fikriafan2@gmail.ccom	JULIANTO	3173041507730020	KEBUMEN	7/15/1973	KULI	YATINAH	3173045008760012	KEBUMEN	9/10/1976	MENGURUS RUMAH TANGGA								
TIDAK AKTIF	2023	013	FAISAL	LAKI-LAKI	JAKARTA	2/25/2002	4	4	3173032502020008	JL. KEUTAMAAN DALAM NO. 17	009	004	KRUKUT	TAMAN SARI	JAKARTA BARAT	DKI JAKARTA	085710191346	0021286979	SMP ISLAM TAMBORA	faisal250202@gmail.com	JUWANDA	3173031504720009	JAKARTA	4/15/1972	WIRASWASTA	YETTI SUHANDI	3173034304740004	JAKARTA	4/3/1974	MENGURUS RUMAH TANGGA								
TIDAK AKTIF	2023	014	HADI SOFIYAN	LAKI-LAKI	JAKARTA	7/8/2003	3	2	3173040807030004	JL. KALIANYAR	006	001	KALI ANYAR	TAMBORA	JAKARTA BARAT	DKI JAKARTA	0895411918497	0039520034	MIS AL ITTIHAD	hadisofyan090@gmail.com	TURISO	3173041511760007	JAKARTA	11/15/1976	BURUH	TUTI	3173046706810006	JAKARTA	6/27/1981	BURUH								
AKTIF	2023	015	ARYA PRATAMA	LAKI-LAKI	JAKARTA	7/21/2004	2	1	3173042107040010	JL. H JAMHARI	010	002	ANGKE	TAMBORA	JAKARTA BARAT	DKI JAKARTA	085694027289	3046486082	SD NEGERI ANGKE 06 PAGI	Sururiafifali90@gmail.com	ABRAHAM BIN EDDY F	3173040106600004	JAKARTA	6/1/1960	BURUH HARIAN LEPAS	Arsita	3173045812660004	JAKARTA	12/18/1966	MENGURUS RUMAH TANGGA						-	-	
AKTIF	2023	016	GALUH SAPUTRA	LAKI-LAKI	JAKARTA	8/23/2005	4	2	3173042308050002	JL. ANGKE INDAH	002	003	ANGKE	TAMBORA	JAKARTA BARAT	DKI JAKARTA	083890641031	0054579977	SD NEGERI ANGKE 06 PAGI	Galuhsaputra2318@gmail.com	ENDIN	3173040705750007	JAKARTA	5/7/1975	KARYAWAN SWASTA	SUHERNA	3173047007810005	JAKARTA	7/30/1981	MENGURUS RUMAH TANGGA						0895391893592	-	
TIDAK AKTIF	2023	017	DIDI ALIANSYAH	LAKI-LAKI	JAKARTA	6/4/2004	1	2	3173040406040006	JL.JEMBATAN BESI	004	001	JEMBATAN BESI	TAMBORA	JAKARTA BARAT	DKI JAKARTA	085880034517	0043607263	MIS LKPMDK	aliansyahdidi7@gmail.com	ADE IRAWAN	3173042511770003	PANDEGLANG	11/25/1977	SWASTA	MASAMAH	3173046002820007	JAKARTA	2/28/1982	MENGURUS RUMAH TANGGA						081218614691	-	
TIDAK AKTIF	2023	018	MUHAMMAD SURYA	LAKI-LAKI	JAKARTA	7/26/2002	3	2	3173042607020006	JL.JEMBATAN BESI	008	001	JEMBATAN BESI	TAMBORA	JAKARTA BARAT	DKI JAKARTA	085811580357	0024954333	SMP PGRI 32 JAKARTA	SuryaKozul26@gmail.com	GANDARIA (alm)	Meninggal	Meninggal	Meninggal	Meninggal	MULYANAH	3173044305750006	JAKARTA	5/3/1975	PENJAHIT						-	-	
TIDAK AKTIF	2023	019	INDRA HILMANSYAH	LAKI-LAKI	JAKARTA	9/1/2003	5	3	3173040109030002	GG.PANCA KRIDA I NO.36	006	004	DURI UTARA	TAMBORA	JAKARTA BARAT	DKI JAKARTA		0037893223	PKBM TANJUNG	Indrahilmansyah091@gmail.com	MUHAMMAD SURYADI	3173041810700003	JAKARTA	10/18/1970	WIRASWASTA	SARI ISWATI	3173044901780003	JAKARTA	1/9/1978	MENGURUS RUMAH TANGGA								
TIDAK AKTIF	2023	020	AKMAL FATHONI	LAKI-LAKI	JAKARTA	10/1/2003	2	1	3173040110030004	JL JEMBATAN BESI	006	001	JEMBATAN BESI	TAMBORA	JAKARTA BARAT	DKI JAKARTA	083876980452	0035256011	SMP FATACHILAH	umilela1977@gmail.com	SUHAEBI	3173040204740006	PANDEGLANG	4/2/1974	WIRASWASTA	NURLAELA M	3173046002770002	JAKARTA	2/20/1977	MENGURUS RUMAH TANGGA								
AKTIF	2023	021	CANTIKA	PEREMPUAN	JAKARTA	5/7/2010	4	4	3211034705100002	JL.KRENDANG UTARA	002	003	KRENDANG	TAMBORA	JAKARTA BARAT	DKI JAKARTA	88213717292	3093126984	MIS CIEUNTEUNG	cikacantika042@gmail.com	HENDRA	3173031502720001	JAKARTA	9/16/1977	WIRASWASTA	UNASIH	3211035002760008	JAKARTA	2/10/1976	MENGURUS RUMAH TANGGA						-	085770410437	
BELUM	2023	022	MUHAMMAD ARYA LUTFI	LAKI-LAKI	JAKARTA	4/13/2005	11	10	3173041304051001	JL JEMBATAN BESI I	006	004	JEMBATAN BESI	TAMBORA	JAKARTA BARAT	DKI JAKARTA	085717533371	3058819629	MIS CHAIRIYAH MANSURIYAH	Baujigong19@gmail.com	JUNAEDI	3173041208690002	JAKARTA	8/12/1969	TIDAK BEKERJA	ROHANAH	3173044705651002	JAKARTA	5/7/1965	MENGURUS RUMAH TANGGA						-	085771346377	
AKTIF	2023	023	SHOFIYAH TUDZDZAKIYYAH	PEREMPUAN	KARAWANG	2/28/2007	3	2	3173046802070002	JL. GG. KIARA I	007	005	JEMBATAN LIMA	TAMBORA	JAKARTA BARAT	DKI JAKARTA	085716383744	0071044613	SDN KERTAMULYA III	pipitw830@gmail.com	M TAZKIR JAKARIA	3173041504770015	JAKARTA	9/15/1977	BURUH TANI LEPAS	KARTINI	3173048609820006	PANDEGLANG	2/28/2007	MENGURUS RUMAH TANGGA								
AKTIF	2023	024	RAHMA YULIANTI	PEREMPUAN	JAKARTA	7/29/2006	2	2	3173046907060007	JL SAWAH LIO II/50A	008	001	JEMBATAN LIMA	TAMBORA	JAKARTA BARAT	DKI JAKARTA	088210763057	3063939440	MIS TUNAS KARYA	rahmayulianti028@gmail.com	CASIBAN	3173040309731001	PEMALANG	9/3/1973	WIRASWASTA	HALIMAH	3173046905800005	JAKARTA	5/29/1980	MENGURUS RUMAH TANGGA								
TIDAK AKTIF	2023	025	MUHAMMAD DANI FIRMANSYAH	LAKI-LAKI	JAKARTA	6/9/2005	1	1	3173040906050006	JL JEMBATAN BESI II	006	001	JEMBATAN BESI	TAMBORA	JAKARTA BARAT	DKI JAKARTA	085817919892	0054749162	SMP FATACHILAH	danifrmnsyh70@gmail.com	MUHAMAD SOLEH		JAKARTA	11/5/1979	BURUH HARIAN LEPAS	MAS HARYATI	3173044806840011	JAKARTA	6/8/1984	MENGURUS RUMAH TANGGA								
TIDAK AKTIF	2023	026	VINZA ARIPIN	PEREMPUAN	JAKARTA	7/26/2010	1	2	3173046607101004	JLN KRENDANG BARAT	001	004	KRENDANG	TAMBORA	JAKARTA BARAT	DKI JAKARTA		0109682257	MIS MANBAUL CHAIRAT	Piyarorgen@gmail.com	ARIPIN (alm)	Meninggal	Meninggal	Meninggal	Meninggal	ASNAH	3173044212820016	JAKARTA	12/2/1982	MENGURUS RUMAH TANGGA								
AKTIF	2023	027	MUHAMAD FIRLANA	LAKI-LAKI	JAKARTA	6/20/2011	4	4	3173042006111011	JL.PADAMULYA III	005	008	ANGKE	TAMBORA	JAKARTA BARAT	DKI JAKARTA	0895365220039	0114607881	SDS SARI PUTRA	muhamdfirlana@gmail.com	YADI KUSUMA	3201350203830001	BOGOR	3/2/1983	WIRASWASTA	YUNI MULIANA	3173044707881005	JAKARTA	7/7/1988	MENGURUS RUMAH TANGGA						082124676757	081410900645	
TIDAK AKTIF	2023	028	RANDI HARDANDI	LAKI-LAKI	JAKARTA	5/28/2003	3	1	3173042805030008	JLN KIARA VII NO.17	007	005	JEMBATAN LIMA	TAMBORA	JAKARTA BARAT	DKI JAKARTA	081511411215	0034391165	SMP NEGERI 32 JAKARTA	kodebarat78@gmail.com	HARDIAN RUSWAN	3173042611800010	JAKARTA	11/25/1980	BURUH	RATNASARI	3173044505800016		6/5/1980	DAGANG								
BELUM	2023	029	ARDIYANA	LAKI-LAKI	INDRAMAYU	11/28/2008	3	2	3212082811080004	JL. SAWAH LIO GANG 7	004	008	JEMBATAN LIMA	TAMBORA	JAKARTA BARAT	DKI JAKARTA	89513098829	0083071068	SMP KOSGORO	alfialfinurhadi@gmail.com	ACAP NURHADI	3212081303800010	INDRAMAYU	4/13/1980	WIRASWASTA	EPI DAMAYANTI	3173045510800014	JAKARTA	10/15/1980	MENGURUS RUMAH TANGGA								
AKTIF	2023	030	HERLINA	PEREMPUAN	TANGGERANG	6/28/2005	3	3	3171016806050004	JL SETIA KAWAN UJUNG NO 36	014	012	DURI PULO	GAMBIR	JAKARTA PUSAT	DKI JAKARTA	089654766987	0051340930	SMP NEGERI 32 JAKARTA	herermilianaliana@gmail.com	NASIRI MUHAMMAD HERY (alm)	Meninggal	Meninggal	Meninggal	Meninggal	ERMI LIANA	3603114212750001	JAKARTA	12/2/1975	MENGURUS RUMAH TANGGA								
TIDAK AKTIF	2023	031	DAFFA FARREL PUTRA MUHAMMAD	LAKI-LAKI	JAKARTA	12/23/2003	2	1	3174052312030011	JURAGANAN	010	008	GROGOL UTARA	KEBAYORAN LAMA	JAKARTA SELATAN	DKI JAKARTA	0881011802213	0036978490	SMA NEGERI 24 JAKARTA	farreld650@gmail.com	MUHAMMAD THOHIR	3174051105750004	JAKARTA	6/11/1973	KARYAWAN SWASTA	RIDAR BUDI ANDRIYANI	3174054511770009	PURWOREJO	9/5/1977	MENGURUS RUMAH TANGGA								
BELUM	2023	032	WINDI	PEREMPUAN	JAKARTA	5/1/2008	2	1	3173044105081005	JL. ANGKE BARAT NO.86	004	002	ANGKE	TAMBORA	JAKARTA BARAT	DKI JAKARTA	83867964322	0092693230	SD NEGERI KOPER 2	wwindiayulestari09@gmail.com	WAAD	3604150401780004	SERANG	1/4/1978	BURUH	IKAH	3604154510800003	SERANG	10/5/1980	MENGURUS RUMAH TANGGA								
AKTIF	2023	033	REYZA AHMAD FADILA	LAKI-LAKI	BEKASI	5/29/2004	2	1	3173022905040005	KP. BULAK TEKO	009	011	KALIDERES	KALIDERES	JAKARTA BARAT	DKI JAKARTA	085697089133	0041593466	SMP MAARIF JAKARTA	reyzaahmadfadila@gmail.com	RAIS	3173020110790010	SUMEDANG	4/10/1979	Supir	DITA SARTIKA	3173025201860005	Jakarta	12/3/1986	Ibu rumah tangga								
TIDAK AKTIF	2023	034	MUHAMMAD GALANG PERMANA	LAKI-LAKI	JAKARTA	3/3/2006	3	1	3173040303060012	JL NELAYAN BARAT NO 12	001	003	ROA MALAKA	TAMBORA	JAKARTA BARAT	DKI JAKARTA	81998308068	0066715860	SMP ISLAM CHAIRIYAH MANSURIYAH	ari.susanti8107@gmail.com	MUHAMMAD ISTIQNAN	3173042201830002	TANGGERANG	1/22/1983	Sopir	Ari Susanti	3173046311810018	JAKARTA	11/23/1981	MENGURUS RUMAH TANGGA								
TIDAK AKTIF	2023	035	AHMAD FAUJI	LAKI-LAKI	TANGGERANG	3/6/2005	3	2	3603050603050002	JL. SAMARASA I	011	005	ANGKE	TAMBORA	JAKARTA BARAT	DKI JAKARTA	81617335497	3056075126	PKBM PANGERAN JAYAKARTA	ozistovia45@gmail.com	ADUNG	3603051011790000	TANGGERANG	10/11/1979	Karyawan swasta	Halimah	Meninggal	Meninggal	Meninggal	Meninggal								
AKTIF	2023	036	ASEP MULYANA	LAKI-LAKI	JAKARTA	10/30/2006	4	3	3173043010060006	GG.SAMARASA I / 26	003	004	ANGKE	TAMBORA	JAKARTA BARAT	DKI JAKARTA	81617332312	0069773570	SDN ANGKE 05	soeherniarif01@gmail.com	ISAK BIN DANA (alm)	Meninggal	Meninggal	Meninggal	Meninggal	SOEHERNI (alm)	Meninggal	Meninggal	Meninggal	Meninggal						-	-	
AKTIF	2023	037	STEVE DANIEL AFRLIANO	LAKI-LAKI	BEKASI	4/28/2005	3	2	3173032804050006	JL TANGKI WOOD 1 NO 2	009	003	TANGKI	TAMAN SARI	JAKARTA BARAT	DKI JAKARTA	081998873643	0050712091	SMP ISLAM TAMBORA	stevedanielafriliano@gmail.com	NGATNO	3173030804790004	BLEWAH	8/4/1979	DAGANG	PARTININGSIH	3173036710750005	SRAGEN	10/27/1975	IBU RUMAH TANGGA								
AKTIF	2023	038	MUHAMMAD ALFIANSYAH	LAKI-LAKI	JAKARTA	4/6/2004	2	1	3173040604040004	JL.GG BETET DALAM NO.1	004	006	TAMBORA	TAMBORA	JAKARTA BARAT	DKI JAKARTA	82311161382	0041009771	MI NURUL ANWAR	alpichocolatoz@gmail.com	SUHENDRY	3173041907801001	JAKARTA	7/19/1980	JAHIT	NURHAFIFAH	3173044910840010	JAKARTA	9/10/1984	MENGURUS RUMAH TANGGA						-	085810263899	
AKTIF	2023	039	DIMAS FATLAN FAUZAN	LAKI-LAKI	JAKARTA	5/22/2007	2	1	3173042205071001	GG PADAMULYA III	005	008	ANGKE	TAMBORA	JAKARTA BARAT	DKI JAKARTA		3078705960	SMPN 159 JAKARTA	huuhu509@gmail.com	MEI DINI YANTO	3326080805830001	PEKALONGAN	5/5/1983	BURUH HARIAN LEPAS	SITI HODIJAH	3173046806790010	JAKARTA	6/28/1979	MENGURUS RUMAH TANGGA						0882002594676	0882002594676	
TIDAK AKTIF	2023	040	AYYIF MAGHRIFAL FATHUR. R	LAKI-LAKI	JAKARTA	5/19/2005	4	1	3173041905050001	JLN. KAMPUNG JANIS	005	008	PEKOJAN	TAMBORA	JAKARTA BARAT	DKI JAKARTA	'085775602077	0057937427	RAUDHATUL ISLAMIAH TAMBORA	ayyifmagriffal@gmail.com	ROHMAN	3173040309770006	JAKARTA	3/9/1977	OJEK ONLINE	VERAWATI	3173046701820004	JAKARTA	1/27/1982	RUMAH TANGGA								
TIDAK AKTIF	2023	041	ARBY PRASETIYO	LAKI-LAKI	JAKARTA	12/21/2009	8	4	3173042112091005	JEMBATAN BESI	006	001	JEMBATAN BESI	TAMBORA	JAKARTA BARAT	DKI JAKARTA	085882008537	0095137623	Sdi teladan ykpi	Lammmsyah13@gmail.com	TOHA	3173041305690010	CIAMIS	5/13/1969	PPSU	TUTI ALAWIYAH	3173046708780012	JAKARTA	8/27/1978	RUMAH TANGGA								
TIDAK AKTIF	2023	042	AHMAD RAFLI AGUSTINO	LAKI-LAKI	JAKARTA	8/11/2009	3	3	3173041108091002	JL. SAMARASA I	004	004	ANGKE	TAMBORA	JAKARTA BARAT	DKI JAKARTA	085777902681	0099535294		ahmadrafliagustino5@gmail.com	JUHRO BIN AMING	3173041503790014	SERANG	3/15/1979	WIRASWASTA	UPIT	3173046810760002	JAKARTA	10/28/1976	IBU RUMAH TANGGA						-	088809732338	
TIDAK AKTIF	2023	043	DWI RAMADHAN	LAKI-LAKI	JAKARTA	9/12/2008	6	5	3173041209080004	JL KAMPUNG JANIS	005	008	PEKOJAN	TAMBORA	JAKARTA BARAT	DKI JAKARTA	085781843593	0084463448	YPI MI Raudlatul islamiyah	rahmatbudi491@gmail.com	BUDI RAHMAT	3173041801730003	JAKARTA	1/18/1973	BURUH	SARILAH	3173045407730003	JAKARTA	7/14/1973	IBU RUMAH TANGGA								
TIDAK AKTIF	2023	044	NURUL AISAH	PEREMPUAN	JAKARTA	2/24/2007	2	2	3173046402070004	JLN LAKSA IV DALAM	001	002	JEMBATAN LIMA	TAMBORA	JAKARTA BARAT	DKI JAKARTA	88294112054	0072773823	MIS CHAIRIYAH MANSURIYAH	akunurulaisya@gmail.com	MAHDOR	3171011005610003	JAKARTA	5/10/1961	KARYAWAN SWASTA	ROHANI	3173045304810007	JAKARTA	4/13/1981	MENGURUS RUMAH TANGGA						081770160608	-	
TIDAK AKTIF	2023	045	OKTAVIA NUR HIKMAH	PEREMPUAN	JAKARTA	10/6/2006	1	1	3173044610060001	JL.LAKSA IV DALAM NO 26	001	002	JEMBATAN LIMA	TAMBORA	JAKARTA BARAT	DKI JAKARTA	088293830145	0066808598	MIS CHAIRIYAH MANSURIYAH	fiyaoktafiya52@gmail.com	MUHAMMAD ADI SUROSO	3173041304840006	PEMALANG	4/13/1984	WIRASWASTA	SARTIAH	3173047007720003	JAKARTA	7/30/1972	MENGURUS RUMAH TANGGA						-	-	
TIDAK AKTIF	2023	046	WASIE SYAMSIDAR	LAKI-LAKI	JAKARTA	7/26/2006	3	2	3173042607050001	JL. KALIANYAR V NO. 16	011	003	KALI ANYAR	TAMBORA	JAKARTA BARAT	DKI JAKARTA	81398456529	0054159685	MIS AL ITTIHAD	wasie.syamsi@gmail.com	EDY	3173040305690003	JAKARTA	5/3/1969	KARYAWAN SWASTA	YUNIARTI	3173046606770002	JAKARTA	6/26/1977	MENGURUS RUMAH TANGGA								
AKTIF	2023	047	FENI AULIA OKTAVIANI	PEREMPUAN	JAKARTA	10/5/2010	3	4	3173044510101008	JL.JEMBATAN BESI	011	001	JEMBATAN BESI	TAMBORA	JAKARTA BARAT	DKI JAKARTA	08815936469	3107225979	SDS Teladan YKPI Pt	feniaulia861@gmail.com	DEDY SUMANTRI	3173040704710011	JAKARTA	4/7/1971	KARYAWAN SWASTA	KANTIL	3173045210690001	JAKARTA	10/12/1969	MENGURUS RUMAH TANGGA						-	-	
TIDAK AKTIF	2023	048	RIDHO PUTRA IRAWAN	LAKI-LAKI	JAKARTA	6/4/2009	2	1	3173040406090001	JL. KALI ANYAR V NO. 41	011	003	KALI ANYAR	TAMBORA	JAKARTA BARAT	DKI JAKARTA	85715694590	0093975363	SD NEGERI GUNUNGSINDUR 03	ziqroiqo@gmail.com	DENNY	3173043006820002	JAKARTA	6/30/1982	KARYAWAN SWASTA	YULIANA MUBAROKAH	3173025404880003	JAKARTA	5/14/1988	MENGURUS RUMAH TANGGA								
TIDAK AKTIF	2023	049	MUHAMMAD KHADAFI	LAKI-LAKI	JAKARTA	1/20/2003	5	3	3173042001031003	JL. KRENDENG UTARA	001	003	KRENDANG	TAMBORA	JAKARTA BARAT	DKI JAKARTA	085712569668	0034889156	MIS CHAIRIYAH MANSURIYAH	dafisgk29@gmail.com	RUHAEDI	3173042702750003	JAKARTA	2/27/1975	PARKIR	IDA FARIDA	3173046512790010	JAKARTA	12/25/1979	MENGURUS RUMAH TANGGA						085718451439	085718451439	
AKTIF	2023	050	ANDI PERMANA	LAKI-LAKI	JAKARTA	7/17/2010	1	1	3173041707101010	KRENDANG UTARA	001	003	KRENDANG	TAMBORA	JAKARTA BARAT	DKI JAKARTA		3106974676	MIS MANBAUL CHAIRAT	Usupkobra17@gmail.com	BUBUN (alm)	Meninggal	Meninggal	Meninggal	Meninggal	YOYOH`	3173046003870009	JAKARTA	3/20/1987	MENGURUS RUMAH TANGGA						-	-	
AKTIF	2023	051	MUHAMAD RAMDON	LAKI-LAKI	JAKARTA	10/21/2006	1	0	3173042110060006	JL KRENDANG UTARA	001	003	KRENDANG	TAMBORA	JAKARTA BARAT	DKI JAKARTA	088976484499	3063147490		ramdonmuhamad72@gmail.com	LAMHANI	3173042702730001	JAKARTA	2/27/1973	BURUH	CHOTIJAH	3173046001740007	CIAMIS	1/20/1974	MENGURUS RUMAH TANGGA						-	081295394713	
AKTIF	2023	052	FAQIH SYAHRONI	LAKI-LAKI	JAKARTA	7/13/2008	1	0	3173041307080004	KRENDANG TIMUR 6	001	003	KRENDANG	TAMBORA	JAKARTA BARAT	DKI JAKARTA	085781386722	0087890247		fakihsyahroni5@gmail.com	SYAHRONI (alm)	Meninggal	Meninggal	Meninggal	Meninggal	WIDARI	3173045101910005	JAKARTA	1/11/1991	MENGURUS RUMAH TANGGA						-	-	
BELUM	2023	053	MUHAMAD BIMBIM	LAKI-LAKI	JAKARTA	11/4/2006	3	2	3173040411061003	JL. JEMBATAN BESI	006	004	JEMBATAN BESI	TAMBORA	JAKARTA BARAT	DKI JAKARTA	0895320179609	0061345873	MI MASYIROTUL ISLAMIYAH	gantengbimbim46@gmail.com	MAAD	3173040404680008	JAKARTA	4/4/1968	KARYAWAN SWASTA	DATISAH	3173045201681001	JAKARTA	12/1/1968	MENGURUS RUMAH TANGGA						-	-	
AKTIF	2023	054	CHELSEA OCTAVIA	PEREMPUAN	JAKARTA	10/13/2009	2	2	3173045310091006	JLN TERATE VII	002	004	JEMBATAN LIMA	TAMBORA	JAKARTA BARAT	DKI JAKARTA	085711031858	3096220472		celsy1234567@gmail.com	HUSNI MUBAROK	3173042906820005	JAKARTA	6/20/1982	KARYAWAN SWASTA	SRI WAHYUNI (alm)	Meninggal	Meninggal	Meninggal	Meninggal						089529190676	081230712975	
TIDAK AKTIF	2023	055	FITRIA ANGRAENI	PEREMPUAN	JAKARTA	11/27/2003	2	1	3173046711030002	JL. ANGKE JAYA	004	006	ANGKE	TAMBORA	JAKARTA BARAT	DKI JAKARTA	085892509442	0037250318	SMAN 19 Jakarta	anggraenif241@gmail.com	KASMIN	3173041801760003	PALEMBANG	1/18/1976	KARYAWAN SWASTA	MAESAROH	3173045002810005	JAKARTA	2/10/1981	MENGURUS RUMAH TANGGA								
TIDAK AKTIF	2023	056	RISKY NUR RAHMAT	LAKI-LAKI	JAKARTA	8/11/2009			3173041108091003	JLN KIARA IV NO 32	013	005	JEMBATAN LIMA	TAMBORA	JAKARTA BARAT	DKI JAKARTA	081398841538	0092667184	SDN JEMBATAN LIMA 03 PAGI	mutaqqofazri00@gmail.com	SUHERMAN TH		JAKARTA	7/31/1968	KARYAWAN SWASTA	NENENG IRMAWATI		JAKARTA	6/5/1992	MENGURUS RUMAH TANGGA								
TIDAK AKTIF	2023	057	NANDA SAHPUTRA	LAKI-LAKI	PEMALANG	12/9/2006			3327030912060003	KALI SUBAH	011	002	SIMPUR	BELIK	PEMALANG	JAWA TENGAH	087771880998	0060151900	SMP NEGERI 4 BELIK	Saputrananda0912@gmail.com	KASAM		PEMALANG	10/11/1962	PETANI	KARSINI		PEMALANG	8/13/1967	MENGURUS RUMAH TANGGA								
TIDAK AKTIF	2023	058	MUHAMAD ADRIANSAH RENA	LAKI-LAKI	JAKARTA	11/30/2004	2	1	3173043011040002	JL. JEMBATAN BESI	006	001	JEMBATAN BESI	TAMBORA	JAKARTA BARAT	DKI JAKARTA	088214556976	0045606236	SMP PGRI 32 JAKARTA	Sellyhavidzah80@gmail.com	LUKMAN KAMARENA	3173042808820003	JAKARTA	8/28/1982	KARYAWAN SWASTA	SRIWANTI	3173044203831001	PAL 8	3/2/1983	MENGURUS RUMAH TANGGA								
TIDAK AKTIF	2023	059	MUHAMMAD FIRMANSYAH	LAKI-LAKI	JAKARTA	7/24/2005	5	5	3173042407050001	JLN SAWAH LIO IV GG.8 NO.9	004	008	JEMBATAN LIMA	TAMBORA	JAKARTA BARAT	DKI JAKARTA	082133554274	0051063926	SMP KEBUDAYAAN		SUGIYANTO		JAKARTA	12/25/1964	SUDAH TIDAK ADA	SUTIANAH SATIRI	3173045305710008	JAKARTA	5/13/1971	PEDAGANG								
TIDAK AKTIF	2023	060	RIZAL LULFAHRI GUNAWAN	LAKI-LAKI	JAKARTA	5/27/2003	2	2	3173042705030005	JLN LAKSA IV DALAM	001	002	JEMBATAN LIMA	TAMBORA	JAKARTA BARAT	DKI JAKARTA	089668228797	0032010827	SMP JAME PEKOJAN	laksafahri5@gmail.com	DADI ROSADI	3173041601630003	JAKARTA	1/16/1963	BENGKEL LAS	NENENG	3173046103730002	JAKARTA	3/21/1974	PEDAGANG								
TIDAK AKTIF	2023	061	INTAN NUR AINI	PEREMPUAN	JAKARTA	7/14/2007	3	2	3173045407070001	JL. ANGKE BARAT	013	001	ANGKE	TAMBORA	JAKARTA BARAT	DKI JAKARTA	083137755376	0071340366	SMPN 01 KADUHEJO	fatahtan07@gmail.com	AHMAD YANI	3173042512740004	PANDEGLANG	12/25/1974	SUPIR	WIWIT	3173045604840008	JAKARTA	5/16/1984	MENGURUS RUMAH TANGGA								
BELUM	2023	062	MUHAMMAD RAFFI RAIHANSYAH	LAKI-LAKI	JAKARTA	1/27/2002	0	1	3173042701021001	JL. PADAMULYA I	001	008	ANGKE	TAMBORA	JAKARTA BARAT	DKI JAKARTA	083897469792	0032490038	MTSS AL MUNAWAR	rafirafa888@gmail.com	AGUS HAMZAH		JAKARTA	8/7/1981	FREELANCE	NINING SUHERNI	3173045506801001	JAKARTA	6/15/1980	MENGURUS RUMAH TANGGA								
TIDAK AKTIF	2023	063	MUHAMAD FIDAL AKMAL	LAKI-LAKI	JAKARTA	3/17/2003			3173041703030007	JL. SAMARASA I DALAM	010	005	ANGKE	TAMBORA	JAKARTA BARAT	DKI JAKARTA	081511520483	0035114534	SMP JAME PEKOJAN	erosdal12@gmail.com	USUP		JAKARTA	10/25/1966	KARYAWAN SWASTA	ALISAH		JAKARTA	6/12/1970	MENGURUS RUMAH TANGGA								
TIDAK AKTIF	2023	064	ABI MAULANA	LAKI-LAKI	JAKARTA	10/10/2002			3173041010021001	JL. SAMA RASA I	010	005	ANGKE	TAMBORA	JAKARTA BARAT	DKI JAKARTA	085811968402	0039540466	MIS MIFTAHUL HUDA A	abiaboabimaulana@gmail.com	MAULANA		JAKARTA	4/8/1982	KONFEKSI	MILAH		JAKARTA	8/28/1980	MENGURUS RUMAH TANGGA								
TIDAK AKTIF	2023	065	MUHAMMAD RAMDHANI	LAKI-LAKI	JAKARTA	10/12/2007	1	1	3173041210070003	GG. TRIKORA III NO.7	003	005	DURI UTARA	TAMBORA	JAKARTA BARAT	DKI JAKARTA	085885952639	0079087674	SD NEGERI DURI UTARA 06 PETANG	tartatihartati2@gmail.com	SACHRONI BIN SUHANDI	3173041105850013	JAKARTA	5/11/1985	BURUH HARIAN LEPAS	TATI HARTATI	3173044411850004	JAKARTA	11/4/1985	MENGURUS RUMAH TANGGA								
TIDAK AKTIF	2023	066	MUHAMAD ALDI	LAKI-LAKI	JAKARTA	5/16/2006	7	4	3173041603060003	JL.DURI UTARA I NO.26	007	007	DURI UTARA	TAMBORA	JAKARTA BARAT	DKI JAKARTA	088976538048	0065633370	SD NEGERI TAMBORA 02 PETANG	Publiktengil1@gmail.com	ASEP	3173040303740011	JAKARTA	3/3/1974	PENJAGA SEKOLAH	MUNIROH	3173048702760002	JAKARTA	11/27/1976	MENGURUS RUMAH TANGGA								
TIDAK AKTIF	2023	067	MOHAMMAD RAHMAN MAULANA	LAKI-LAKI	JAKARTA	12/20/2006	4	1	3173042012061001	GG.TRIKORA II NO.25	008	005	DURI UTARA	TAMBORA	JAKARTA BARAT	DKI JAKARTA	088289389552	0065975575	SD NEGERI DURI UTARA 01 PAGI	artcapangestu@gmail.com	SUTRISNA	3173040701830009	JAKARTA	1/7/1983	BURUH	HERNIWATI	3173045303890004	JAKARTA	3/13/1989	MENGURUS RUMAH TANGGA								
TIDAK AKTIF	2023	068	JUWITA EFENDI	PEREMPUAN	JAKARTA	7/30/2002	7	7	3171017007020006	JL. TANAH SEREAL BUKIT I/ 11	002	014	TANAH SEREAL	TAMBORA	JAKARTA BARAT	DKI JAKARTA	088210748548	0028026904	SMP NEGERI 39 JAKARTA	ramasetiawan82@gmail.com	SULAIMAN	3171012305570001	JAKARTA	5/23/1957	BURUH	KAMSAH	3173045504680005	TANGERANG	4/15/1968	MENGURUS RUMAH TANGGA								
BELUM	2023	069	ANUGRAH SATYA GENTA DWIPUTRA	LAKI-LAKI	JAKARTA	4/8/2005			3171020804050002	JL. KARTINI 8 DALAM NO.11	002	008	KARTINI	SAWAH BESAR	JAKARTA PUSAT	DKI JAKARTA	085798268225	0052891912	SDN KARANG ANYAR 08 PAGI	gentacuwi@gmail.com	FRIENDY		JAKARTA	1/1/1975	KARYAWAN SWASTA	WAHYU NURIYATI		JAKARTA	4/9/1975	MENGURUS RUMAH TANGGA								
TIDAK AKTIF	2023	070	NAUFAL	LAKI-LAKI	SERANG	12/12/2004	4	4	3673060101040003	KP.KAMALAKA	001	005	PANGGUNG JATI	TAKTAKAN	KOTA SERANG	BANTEN	088219730974	0046938859	SD NEGERI KAMALAKA	ajirbang9@gmail.com	SANARI		SERANG	1/1/1962	BURUH	SANTIAH	3673064101700004	SERANG	1/1/1970	MENGURUS RUMAH TANGGA								
AKTIF	2023	071	DANANG YOGIYANSAH	LAKI-LAKI	JAKARTA	8/25/2007	4	4	3173042508070004	JL. SAWAH LIO IV NO. 25	003	006	JEMBATAN LIMA	TAMBORA	JAKARTA BARAT	DKI JAKARTA	081317324026	0072205041	MIS TUNAS KARYA	azriiell123@gmail.com	UDJANG	3173041804640003	JAKARTA	4/18/1964	WIRASWASTA	FATIMAH		JAKARTA	7/10/1969	MENGURUS RUMAH TANGGA								
BELUM	2023	072	ESA HARI PUTRA	LAKI-LAKI	JAKARTA	5/14/2006			3173041405060005	JLN KRENDANG UTARA	001	003	KRENDANG	TAMBORA	JAKARTA BARAT	DKI JAKARTA	082111439907	0	MIS CHAIRIYAH MANSURIYAH	esahariputra@gmail.com	HENDRA SUHENDRA		JAKARTA		KULI	RUYATI		JAKARTA		BUANG BENANG								
BELUM	2023	073	MAULANA SAPUTRA	LAKI-LAKI	JAKARTA	5/19/2003	1	1	3173041905030006	KP DURI DALAM	010	003	DURI SELATAN	TAMBORA	JAKARTA BARAT	DKI JAKARTA	085892459087	0036116287	SMP MUHAMMADIYAH 32	maulanasptr169@gmail.com	DADI SUKANDI		JAKARTA	7/13/1962	………………………	ROSDIANA	3173046705630002	JAKARTA	5/27/1963	MENGURUS RUMAH TANGGA								
BELUM	2023	074	AVILA DEAS YULISANDI	PEREMPUAN	JAKARTA	7/25/2010	3	1	3173046507101001	JL. SAWAH LIO X NO.11 B	007	005	JEMBATAN LIMA	TAMBORA	JAKARTA BARAT	DKI JAKARTA	085716383899	0104827678	MIS RAUDLATUL ISLAMIYAH	yulisandimuamar938@gmail.com	MUAMAR YULISANDI	3173042905920004	JAKARTA	5/29/1992	GOJEK	DEWI AYU		JAKARTA	11/10/1992	PPSU								
TIDAK AKTIF	2023	075	ALFAN RASYID	LAKI-LAKI	JAKARTA	10/17/2002	4	2	3173071710020009	JL.WULUH I	003	007	KOTA BAMBU UTARA	PALMERAH	JAKARTA BARAT	DKI JAKARTA	089636048763	0025274324	MTSS AL IHSAN	alfilatip@gmail.com	BAMBANG SUCIPTO	3173072207680001	JAKARTA	7/22/1968	WIRASWASTA	MAILANI	3173075305750001	JAKARTA	5/13/1975	MENGURUS RUMAH TANGGA								
BELUM	2023	076	L E O	LAKI-LAKI	JAKARTA	4/13/2004			3173041304041002	JL. KALIANYAR	006	001	KALI ANYAR	TAMBORA	JAKARTA BARAT	DKI JAKARTA	081389456966	0045656522	SDN JEMBATAN BESI 04 Pt.	leonardo04212@gmail.com	LIU SE HON		SEDAU	12/9/1964	WIRASWASTA	NGUI LI MI		PEMANGKAT	2/28/1966	MENGURUS RUMAH TANGGA								
BELUM	2023	077	RAFVA FIRMANSYAH	LAKI-LAKI	TANGGERANG	12/25/2007			3202082512070006	JALAN KALI ANYAR 2	006	001	KALI ANYAR	TAMBORA	JAKARTA BARAT	DKI JAKARTA	085883055441	0	SDN NEGERI 3 BOJONG LOPANG	dhinir786@gmail.com	RISDA		SUKABUMI	10/13/1981	BURUH	DINI RIYANTI		JAKARTA	7/24/1986	MENGURUS RUMAH TANGGA								
TIDAK AKTIF	2023	078	DAMAR RAMADHAN	LAKI-LAKI	BOGOR	10/8/2007	2	1	3173040810071008	JL.PADAMULYA III	005	008	ANGKE	TAMBORA	JAKARTA BARAT	DKI JAKARTA	081328282628	0078349674	SDS SARI PUTRA	damaramadhan905@gmail.com	YADI KUSUMA	3201350203830001	BOGOR	3/2/1983	WIRASWASTA	YUNI MULIYANA	3173044707881005	JAKARTA	7/7/1988	MENGURUS RUMAH TANGGA								
TIDAK AKTIF	2023	079	MUHAMMAD RIVALDO	LAKI-LAKI	JAKARTA	10/17/2002	3	3	3173071710020008	JL. WULUH I	001	007	KOTA BAMBU UTARA	PALMERAH	JAKARTA BARAT	DKI JAKARTA	085772478681	0023302642	MTSS AL IHSAN	Muhammadaldo746@gmail.com	MATSYAH	3173070704670008	JAKARTA	4/7/1967	BURUH	Lili Farida	3173075504670008	JAKARTA	4/15/1967	MENGURUS RUMAH TANGGA								
PINDAH	2023	080	FIKRI NURJAMIL	LAKI-LAKI	GARUT	4/25/2003	3	2	3205402504030001	JL. JEMBATAN KEDUNG	006	005	TAMBORA	TAMBORA	JAKARTA BARAT	DKI JAKARTA	085775227589	0037577316	SMPN 1 CIBIUK	fikrinurjamil25@gmail.com	ASEP HIDAYATULLOH	3205402808700001	GARUT	8/28/1970	WIRASWASTA	N ROHMAH	3205405708750002	GARUT	8/17/1975	MENGURUS RUMAH TANGGA								
TIDAK AKTIF	2023	081	SAIPUL ROHMAN	LAKI-LAKI	JAKARTA	5/4/2002	4	2	3173040405020004	GG.PANCA KRIDA I NO.31	006	004	DURI UTARA	TAMBORA	JAKARTA BARAT	DKI JAKARTA	088223996736	0022846593	MTSS CHAIRIYAH MANSURIYAH	Saipulman405@gmail.com	SUMASNA	3173040301720003	JAKARTA	1/3/1972	KETUA RT	SITI MAISAROH	3173045606781002	SINAR PASMAH	6/15/1978	MENGURUS RUMAH TANGGA								
BELUM	2023	082	SUDARMAN	LAKI-LAKI	TANGGERANG	5/11/2004			3173041105041002	JL. JEMBATAN BESI NO. 47	003	001	JEMBATAN BESI	TAMBORA	JAKARTA BARAT	DKI JAKARTA	0895347795070	0043617518	MIS LKPMDK	Byubyu.dj21@gmail.com	KUSNADI		PEKALONGAN	5/31/1968	ALMARHUM	MARYANI		JAKARTA	2/15/1972	MENGURUS RUMAH TANGGA								
TIDAK AKTIF	2023	083	MAY ROSSY	PEREMPUAN	JAKARTA	5/15/2007	3	3	3173045505071002	JL.TERATE NO.47	006	003	JEMBATAN LIMA	TAMBORA	JAKARTA BARAT	DKI JAKARTA	085714830475	0077272732	MIS TUNAS KARYA	Rossymey290@gmail.com	AHMAD HASYIM		JAKARTA	7/2/1972	ALMARHUM	ISNUR RATNA		JAKARTA	9/4/1972	MENGURUS RUMAH TANGGA								
TIDAK AKTIF	2023	084	AHMAD BUDI MULYADI	LAKI-LAKI	JAKARTA	10/22/2002	1	1	3173042210021001	JL. PEKOJAN III KP. JANIS NO.15	008	008	PEKOJAN	TAMBORA	JAKARTA BARAT	DKI JAKARTA	087736356166	0024459668	SMP ISLAM BAHAGIA	budimulyadi490@gmail.com	ILHAM ARIANSYAH		JAKARTA	2/16/1997	BURUH HARIAN LEPAS	SITI ATIYAH	3173046705710009	JAKARTA	5/26/1971	PEDAGANG								
TIDAK AKTIF	2023	085	FADILAH KURNIAWAN	LAKI-LAKI	BANYUMAS	5/23/2002	0	1	3302012305020003	JL ANGKE BARAT NO.83	004	002	ANGKE	TAMBORA	JAKARTA BARAT	DKI JAKARTA	088809003194	0021629376	MTSS CHAIRIYAH MANSURIYAH	krnwnfadilah@gmail.com	NAKUM	3302010107770003	BANYUMAS	7/1/1977	BURUH	KHOMSIYATUN	3302014512810001	BANYUMAS	12/5/1981	MENGURUS RUMAH TANGGA								
TIDAK AKTIF	2023	086	WAHYU MUKHAROM	LAKI-LAKI	JAKARTA	3/3/2004			3173040303040005	JL. KALIANYAR X GG. 6	002	007	KALI ANYAR	TAMBORA	JAKARTA BARAT	DKI JAKARTA	087873745565	0042372582	SMP AL-IRSYAD		JAJAT ABADI		KEBUMEN	9/18/1968	WIRASWASTA	FITRIANI		KEBUMEN	9/17/1978	Wiraswasta								
TIDAK AKTIF	2023	087	RISKI PRATAMA	LAKI-LAKI	JAKARTA	2/26/2003	3	1	3173042602030003	JL.KRIYA ANYAR VIII	005	006	KALI ANYAR	TAMBORA	JAKARTA BARAT	DKI JAKARTA	0895384809666	3036693948	SDN KALIANYAR	atkriski@gmail.com	KAKAN	3173040203800013	SUKABUMI	3/2/1980	BURUH	KOMALASARI (alm)	Meninggal	Meninggal	Meninggal	Meninggal								
TIDAK AKTIF	2023	088	URAI BAYU	LAKI-LAKI	JAKARTA	12/19/2003	3	1	6172011912030004	GG.TRIKORA II NO.42	006	005	DURI UTARA	TAMBORA	JAKARTA BARAT	DKI JAKARTA	083894099258	0032642120	SMP NEGERI 1 SINGKAWANG	uraybayu14@gmail.com	U RIZAL		SINGKAWANG	3/20/1976	WIRASWASTA	EBI		JAKARTA	2/10/1984	MENGURUS RUMAH TANGGA								
TIDAK AKTIF	2023	089	NILLA KANDI	PEREMPUAN	JAKARTA	5/12/2003	3	1	3173045205031002	JL.TERATE NO.47	006	003	JEMBATAN LIMA	TAMBORA	JAKARTA BARAT	DKI JAKARTA	085693678263	0031785595	SMP NEGERI 54 JAKARTA	Kandinilla12@gmail.com	AHMAD HASYIM		JAKARTA	12/14/1961	ALMARHUM	ISNUR RATNA	3173044409720008	JAKARTA	9/4/1972	MENGURUS RUMAH TANGGA								
PINDAH	2023	090	YUDI ALFIANDI	LAKI-LAKI	JAKARTA	12/30/2002	2	2	3173043012020005	JL JEMBATAN BESI II	009	001	JEMBATAN BESI	TAMBORA	JAKARTA BARAT	DKI JAKARTA	085714305992	0025332595	SMP MAARIF JAKARTA	alfinajalah0@gmail.com	BANDI BIN MINARI	3173040211640001	JAKARTA	11/2/1964	SOPIR	SITI WAHYUNI	3173044606701001	KEBUMEN	6/6/1970	MENGURUS RUMAH TANGGA								
TIDAK AKTIF	2023	091	AREL ATH THARIQSYAH	LAKI-LAKI	JAKARTA	4/25/2002	3	2	3303152504020005	GG. HASBILAN 2	008	006	ANGKE	TAMBORA	JAKARTA BARAT	DKI JAKARTA	085741499342	0022254966	SMP NEGERI 2 KALIMANAH	gepanggi@gmail.com	SUTARNO	3303150306700001	PURBALINGGA	6/3/1970	KARYAWAN SWASTA	MURWATI	3303155205760002	JAKARTA	5/12/1976	KARYAWAN SWASTA								
BELUM	2023	092	SYOFIA JUWITA	PEREMPUAN	BREBES	6/1/2002			3329034106020002	DK KRAJAN 02	007	002	KALIERANG	BUMIAYU	BREBES	JAWA TENGAH	087760272140	0026096163	SMP NEGERI 32 BUMIAYU	syofiiazahra179@gmail.com	SYARIFUDIN	3320032005500003	BREBES	6/20/1960	PEDAGANG	WAIDAH	3329036103630004	BREBES	3/21/1963	MENGURUS RUMAH TANGGA								
TIDAK AKTIF	2023	093	UUN	PEREMPUAN	JAKARTA	11/10/2008	5	4	3173045011081001	JL LAKSA IV DALAM	001	002	JEMBATAN LIMA	TAMBORA	JAKARTA BARAT	DKI JAKARTA	081210303784	0088649851	MIS CHAIRIYAH MANSURIYAH	anisarahmah0708@gmail.com	UJANG RAUL	3173041007680007	JAKARTA	7/10/1968	PEDAGANG	ROSITA BT RAINAN	3173044307800001	JAKARTA	7/3/1980	MENGURUS RUMAH TANGGA								
TIDAK AKTIF	2023	094	ARIF SUBARKAH	LAKI-LAKI	JAKARTA	4/8/2004	5	3	3173040804040002	KP SAWAH TNH WAKAP	008	006	JEMBATAN LIMA	TAMBORA	JAKARTA BARAT	DKI JAKARTA	089508038395	0048186148	SDN JEMBATAN LIMA 01 PAGI	soebarkaha@gmail.com	SUTARMAN	3173040209690002	JAKARTA	9/2/1969	WIRASWASTA	MARDIATI	3173045008710001	JAKARTA	8/10/1971	MENGURUS RUMAH TANGGA								
BELUM	2023	095	SETYO ABDULLOH NUGROHO	LAKI-LAKI	JAKARTA	6/19/2005	2	2	3173041906050008	JL SAWAH LIO GG.22 NO.10 D	006	007	JEMBATAN LIMA	TAMBORA	JAKARTA BARAT	DKI JAKARTA	081385078117	0053311712	SDN JEMBATAN LIMA 02 PT	adunsalira66@gmail.com	SUGIYANTO	3173042307580004	SUKOHARJO	7/23/1958	BURUH HARIAN LEPAS	SITI HARIYANI	3173046512710008	SEMARANG	12/25/1971	MENGURUS RUMAH TANGGA								
TIDAK AKTIF	2023	096	FADILAH NUR JAM'AN	LAKI-LAKI	JAKARTA	7/15/2001	2	2	3173041507010005	JL. ANGKE JAYA RAYA NO.20.B	006	003	ANGKE	TAMBORA	JAKARTA BARAT	DKI JAKARTA	083874609381	0014689375	MTSS CHAIRIYAH MANSURIYAH	Fdlhnurjmn15@gmail.com	ADIM	3173040905660005	PANDEGLANG	5/9/1966	BURUH	ASMAWATI	3173045607660004	JAKARTA	7/16/1966	MENGURUS RUMAH TANGGA								
BELUM	2023	097	TEGAR PRATAMA	LAKI-LAKI	JAKARTA	7/19/2005	0	1	1811051907050001	JLN SAWAH LIO III GG 19 NO 10	011	007	JEMBATAN LIMA	TAMBORA	JAKARTA BARAT	DKI JAKARTA	081294273108	0053272426	SDN JEMBATAN LIMA 01 PAGI	garprtma19@gmail.com	FAJAR ENNANO	1811050611600001	PALEMBANG	11/6/1960	WIRASWASTA	NGATINI	1811051907050001	BANGUN REJO	12/27/1973	MENGURUS RUMAH TANGGA								
BELUM	2023	098	SYEHA RAHMADINI	PEREMPUAN	JAKARTA	9/24/2006	3	3	3173046409061007	JL KRENDANG BARAT	004	004	KRENDANG	TAMBORA	JAKARTA BARAT	DKI JAKARTA	083898413102	0068040223	SMP NEGERI 32 JAKARTA	rahsyeha24@gmail.com	AL SYAIFUDIN				-	NINIK PUJIASTUTI	3173044910760008	JAKARTA	10/9/1978	MENGURUS RUMAH TANGGA								
TIDAK AKTIF	2023	099	NUR RIZKI FADILAH	LAKI-LAKI	JAKARTA	1/29/2003	3	3	3173042901030003	JL. KALIANYAR	009	006	KALI ANYAR	TAMBORA	JAKARTA BARAT	DKI JAKARTA	089667836918	0038451882	Smp Kali Baru	sohibulkebuli@gmail.com						AMINAH	3173044911680002	Jakarta	11/9/1968	Tidak bekerja								
BELUM	2023	100	AQMA PUTRA WICAKSANA	LAKI-LAKI	TANGGERANG	7/8/2005	0	1	1671080807050003	JL.SAWAH LIO IV NO.14	008	007	JEMBATAN LIMA	TAMBORA	JAKARTA BARAT	DKI JAKARTA	082112449500	0052258297	SD NEGERI 008 BENGKONG	aqmaputraa65@gmail.com	MUHAMMAD AFFAN (alm)	Meninggal	Meninggal	Meninggal	Meninggal	Tiur Rosmawati Manurung	1671086002720006	MEDAN	2/20/1972	Menjahit								
TIDAK AKTIF	2023	101	MUHAMMAD IMAM SHIDIQ	LAKI-LAKI	JAKARTA	1/10/2006	3	1	3173041001060001	GG.SAMARASA 1 NO. 45	013	005	ANGKE	TAMBORA	JAKARTA BARAT	DKI JAKARTA	085891596003	0063766432	Sdn negri angke 05	umaralbasil06@gmail.com	TONI SAHRUDIN	3173041704730011	JAKARTA	4/17/1973	Buruh lepas	YUNI	3173045912820006	JAKARTA	12/19/1982	MENGURUS RUMAH TANGGA								
BELUM	2023	102	DESTRIA MENTARI	PEREMPUAN	BOGOR	12/17/2011	2	2	3201165712110004	JL. PADA MULYA III NO.9	005	008	ANGKE	TAMBORA	JAKARTA BARAT	DKI JAKARTA	0895411703170	0	SD sari putra	Ilmikhoirunisa18@gmail.com	UDIN	3173040307810097	JAKARTA	9/22/1962	BURUH	NURNAENI	3201166708750003	JAKARTA	8/27/1975	IBU RUMAH TANGGA								
BELUM	2023	103	AHMAD YANI	LAKI-LAKI	PANDEGLANG	12/15/2008	2	2	3601201512080002	JL. SAMARASA I	010	005	ANGKE	TAMBORA	JAKARTA BARAT	DKI JAKARTA	083125282347	3080213758	SDN ANGKE 05	Kenzialgibran20@gmail.com	ANASIN	3173042210630003	TANGGERANG	10/22/1963	BURUH LEPAS	SURYATI	3601206311720001	PANDEGLANG	11/23/1972	IBU RUMAH TANGGA								
TIDAK AKTIF	2023	104	AULIA MAULANA	PEREMPUAN	CIREBON	8/15/2008	3	1	3209165508080002	JL. PADAMULYA III	004	008	ANGKE	TAMBORA	JAKARTA BARAT	DKI JAKARTA	085810164965	0083909690	Sds Sari putra	Ap3468312@gmail.com	NANA MAULANA (alm)		JAKARTA	9/22/1988	PEGAWAI SWASTA	SITI JUMRIAH	3173044808900004	JAKARTA	8/8/1990	IBU RUMAH TANGGA								
BELUM	2023	105	MUHAMAD RESTU AJI	LAKI-LAKI	INDRAMAYU	4/23/2011	2	2	3212022304110002	JL JEMBATAN BESI II	004	004	JEMBATAN BESI	TAMBORA	JAKARTA BARAT	DKI JAKARTA	08561490963	3115437020	SDN Sukaratu 1	aangprabu08@gmail.com	ASENDI	3212022404790002	INDRAMAYU	5/24/1979	WIRASWASTA	RANI KUSMIATI	3203274302810004	CIANJUR	2/3/1981	IBU RUMAH TANGGA								
PINDAH	2023	106	IRFAN KURNIAWAN	LAKI-LAKI	JAKARTA	11/18/2008	4	1	3173041811080002	JL JEMBATAN II BARAT	002	010	ANGKE	TAMBORA	JAKARTA BARAT	DKI JAKARTA	087771571940	0088597957	Sekolah dasar sari putra	azissaputra26820@gmail.com	KADIN	3173042004700011	SOLO	4/20/1970	WIRASWASTA	SISWATI BT BAGJA	3173044305870009	TEGAL	5/3/1987	MENGURUS RUMAH TANGGA								
PINDAH	2023	107	RIZKI SUPRIYANTO	LAKI-LAKI	JAKARTA	4/15/2011	4	2	3173041504111007	JL JEMBATAN II BARAT	002	010	ANGKE	TAMBORA	JAKARTA BARAT	DKI JAKARTA	081328764072	0116938061	Sds Sari putra	azissaputra26820@gmail.com	KADIN	3173042004700011	SOLO	4/20/1970	WIRASWASTA	SISWATI BT BAGJA	3173044305870009	TEGAL	5/3/1987	MENGURUS RUMAH TANGGA								
TIDAK AKTIF	2023	108	DEA SASTRA SANJAYA	PEREMPUAN	BANYUMAS	1/3/2005	3	2	3302054301050001	JL JEMBATAN BESI II	004	004	JEMBATAN BESI	TAMBORA	JAKARTA BARAT	DKI JAKARTA	088973967031	0052825202		deadea112221@gmail.com	DONI		JAKARTA	12/31/1980	BURUH	DARYATI	3302055505810005	BANYUMAS	5/15/1981	BURUH								
TIDAK AKTIF	2023	109	REJA PIRDAUS	LAKI-LAKI	JAKARTA	3/23/2005	4	2	3173042303050001	JL. SAWAH LIO IV NO. 15	008	007	JEMBATAN LIMA	TAMBORA	JAKARTA BARAT	DKI JAKARTA	089606820733	0044841265	SDN Negri Jembatan Lima 02	rejacogan00@gmail.com	BANGKIT PRATIKNO	3302062005790003	BANYMAS	5/20/1979	KARYAWAN SWASTA	ASTRI PIDAYANTI	3173044406840005	JAKARTA	9/23/1984	KARYAWAN SWASTA								
BELUM	2023	110	NAWAF FADHILA	LAKI-LAKI	JAKARTA	9/21/2002	3	1	3173042109020009	JL.DURI BANGKIT	004	009	JEMBATAN BESI	TAMBORA	JAKARTA BARAT	DKI JAKARTA	081290562584	0024954338	MTSS CHAIRIYAH MANSURIYAH	Nawafbogor2002@gmail.com	ZAINAL HIDAYAT	3173042408730007	JAKARTA	8/24/1973	KARYAWAN SWASTA	AMI	3173044111750002	JAKARTA	11/1/1975	IBU RUMAH TANGGA								
TIDAK AKTIF	2023	111	FARIDA	PEREMPUAN	JAKARTA	6/23/2009	4	2	3173046306091004	JL. H. JAMHARI	010	002	ANGKE	TAMBORA	JAKARTA BARAT	DKI JAKARTA	085774837854	0096253059	SDN ANGKE 05 PAGI	cingapaule201@gmail.com	SOHARI		PANDEGLANG	8/12/1984	SUPIR	RISA ARIYATI		JAKARTA	12/25/1888	Ibu rumah tangga								
TIDAK AKTIF	2023	112	DENIS KUSUMA ELYAS	LAKI-LAKI	JAKARTA	12/30/2002	3	1	3173043012020007	JLN DWIKORA IV NO.6 A	006	007	JEMBATAN LIMA	TAMBORA	JAKARTA BARAT	DKI JAKARTA	082125085167	0027655629	SDN Negeri Jembatan Lima 02	elyasdenis90@gmail.com						Siti Rahmah	3173044402760012	JAKARTA	2/4/1976	MENGURUS RUMAH TANGGA								
TIDAK AKTIF	2023	113	RISKI PRATAMA	LAKI-LAKI	JAKARTA	2/26/2003	3	1	3173042602030003	JL KALIANYAR VIII	005	006	KALI ANYAR	TAMBORA	JAKARTA BARAT	DKI JAKARTA	0895384809666	3036693948	SDN KALIANYAR	atkriski@gmail.com	KAKAN	3173040203800013	Sukabumi	3/2/1980	Buruh	KOMALASARI (alm)	Meninggal	Meninggal	Meninggal	Meninggal								
BELUM	2023	114	DIKA AIDIL RAHMAN	LAKI-LAKI	JAKARTA	3/31/2007			3172013103070003	JL. JEMBT.II SINAR BUDI	015	004	PEJAGALAN	PENJARINGAN	JAKARTA UTARA	DKI JAKARTA	085894919549	0072296974	SD NEGERI ANGKE 01 PAGI		BADAHAR TS		MAKASSAR	2/23/1972	KARYAWAN SWASTA	ENDANG WIYANTI		SUKOHARJO	8/19/1986	MENGURUS RUMAH TANGGA								
BELUM	2023	115	JAKA	LAKI-LAKI									DURI SELATAN	TAMBORA	JAKARTA BARAT	DKI JAKARTA		0																				
BELUM	2023	116	AF	LAKI-LAKI									JEMBATAN BESI	TAMBORA	JAKARTA BARAT	DKI JAKARTA		0																				
BELUM	2023	117	MAULANA ALFAHRI	LAKI-LAKI	JAKARTA	5/16/2006			3173041605060008	JL ANGKE JAYA	002	006	ANGKE	TAMBORA	JAKARTA BARAT	DKI JAKARTA	085882230204	0068155487	SMP NEGERI 159 JAKARTA		SUPARDI		JAKARTA	8/27/1976	BURUH HARIAN LEPAS	TRIYANTI		JAKARTA	11/4/1981	MENGURUS RUMAH TANGGA								
TIDAK AKTIF	2023	118	MUHAMMAD FAQIH RAMADHAN	LAKI-LAKI	JAKARTA	11/5/2003	3	2	3171010511030004	JL ANGKE INDAH GG 4 NO 238	010	002	ANGKE	TAMBORA	JAKARTA BARAT	DKI JAKARTA	085782713711	0033406695	SMP NEGERI 60 JAKARTA	faqihr2003@gmail.com	HAERUDIN	3171010901760003	PANDEGLANG	1/9/1976	WIRASWASTA	SITI ROHMAH	3171016305730002	JAKARTA	5/23/1973	MENGURUS RUMAH TANGGA								
AKTIF	2023	119	NURHIDAYATTULOH	LAKI-LAKI	JAKARTA	11/30/2004	6	2	3173043011041002	JL ANGKE BARAT	003	001	ANGKE	TAMBORA	JAKARTA BARAT	DKI JAKARTA	082124246930	0031725707	SMP ISLAM BAHAGIA	Ratihkusmadewi37@gmail.com	SUHENDAR	3173041408721002	GARUT	8/14/1972	WIRASWASTA	SRI HANDAYATI	3173044801760007	JAKARTA	1/8/1976	MENGURUS RUMAH TANGGA								
TIDAK AKTIF	2023	120	SITI AISYAH	PEREMPUAN	JAKARTA	3/18/2006	4	3	3173045803060005	JL. ANGKE INDAH	002	003	ANGKE	TAMBORA	JAKARTA BARAT	DKI JAKARTA	085694027289	0068918375	SMP FATACHILAH	sitiaisyah1836@gmail.com	SOLIHIN (alm)	Meninggal	Meninggal	Meninggal	Meninggal	SITI SUMAENAH	3173044406820005	JAKARTA	6/4/1982	MENGURUS RUMAH TANGGA								
TIDAK AKTIF	2023	121	GILANG RAKA SIWI	LAKI-LAKI	JAKARTA	1/10/2005			3173041001050001	JL. JEMBATAN BESI	004	004	JEMBATAN BESI	TAMBORA	JAKARTA BARAT	DKI JAKARTA	085719027025	0057913337	SMP ISLAM CHAIRIYAH MANSURIYAH	gilangrakasiwi677@gmail.com	EYOFY.S	3173042708640002	JAKARTA	8/27/1964	KARYAWAN SWASTA	NENI HARTINI	3173044502740010	JAKARTA	2/5/1974	MENGURUS RUMAH TANGGA								
BELUM	2023	122	MUHAMMAD REFAN RAMADANI	LAKI-LAKI									JEMBATAN BESI	TAMBORA	JAKARTA BARAT	DKI JAKARTA		0																				
TIDAK AKTIF	2023	123	MOH RAFLI ARYANTO	LAKI-LAKI	JAKARTA	1/2/2003	2	1	3173040201030002	JL.KRENDANG TIMUR	011	002	KRENDANG	TAMBORA	JAKARTA BARAT	DKI JAKARTA	082122415052	0035469398	SMP ISLAM CHAIRIYAH MANSURIYAH	dt25156@gmail.com	TJETJEP ARYANTO	3173040910810005	JAKARTA	10/9/1981	KARYAWAN SWASTA	TETIN YULIANTI	3173044207820015	TASIKMALAYA	7/2/1982	MENGURUS RUMAH TANGGA								
TIDAK AKTIF	2023	124	TEGAR RESTU SAHPUTRA	LAKI-LAKI	TANGGERANG	5/6/2008	4	3	3671090605080003	JL. ANGKE INDAH	002	003	ANGKE	TAMBORA	JAKARTA BARAT	DKI JAKARTA	083899241803	0086071046	SD NEGERI UWUNG JAYA	tegarrestusahputra@gmail.com	MOHAMAD TOHA	3671091211790001	JAKARTA	11/12/1979	PEDAGANG	SUMIARSIH	3671094111760002	JAKARTA	11/1/1976	MENGURUS RUMAH TANGGA								
TIDAK AKTIF	2023	125	MUHAMMAD RIVALDO	LAKI-LAKI	JAKARTA	10/17/2002			3173071710020008	Jalan wuluh 1 no 16	001	007	KOTA BAMBU UTARA	PALMERAH	JAKARTA BARAT	DKI JAKARTA	085772478681	0023302642	Mts Al-ihsan	muhammadaldo746@gmail.com	MATSYAH		JAKARTA	4/7/1967	Buruh	Lili Farida		JAKARTA	4/15/1967	Ibu rumah tangga								
BELUM	2023	126	MERDI	LAKI-LAKI	JAKARTA	2/2/2005	7	5	3173040202051005	JL ANGKE INDAH	002	003	ANGKE	TAMBORA	JAKARTA BARAT	DKI JAKARTA	085781411812	0			SEVEN NURHAYADI (alm)	Meninggal	Meninggal	Meninggal	Meninggal	HERI ERAWATI	3173044507631006	PANDEGLANG	7/5/1963	MENGURUS RUMAH TANGGA								
TIDAK AKTIF	2023	127	MUHAMAD ADRIANSAH RENA	LAKI-LAKI	JAKARTA	11/30/2004			3173043011040002	JL JEMBATAN BESI	006	001	JEMBATAN BESI	TAMBORA	JAKARTA BARAT	DKI JAKARTA	088214556976	0045606236	SMP PGRI 32 JAKARTA	sellyhavidzah80@gmail.com	Lukman kamarena		JAKARTA	8/28/1982	Karyawan swasta	SRIWANTI		PAL 8	3/2/1983	Ibu rumah tangga								
BELUM	2023	128	OKA KARISMA	LAKI-LAKI	JAKARTA	10/7/2001	5	2	3173040710010006	JL.KRENDANG UTARA	001	003	KRENDANG	TAMBORA	JAKARTA BARAT	DKI JAKARTA	089527078022	0	SDN JEMBATAN LIMA 03 PAGI	okakarisma33@gmail.com	HAERUDIN (alm)	Meninggal	Meninggal	Meninggal	Meninggal	SARIAH	3173044705711007	JAKARTA	5/7/1971	MENGURUS RUMAH TANGGA								
BELUM	2023	129	RAFLI DWI AQHI	LAKI-LAKI	PANDEGLANG	6/13/2009			3601321306090005	KP. KORANJI	001	004	KORANJI	PULOSARI	PANDEGLANG	BANTEN		0																				
BELUM	2023	130	AR	PEREMPUAN									JEMBATAN BESI	TAMBORA	JAKARTA BARAT	DKI JAKARTA		0																				
BELUM	2023	131	AZ	LAKI-LAKI									JEMBATAN BESI	TAMBORA	JAKARTA BARAT	DKI JAKARTA		0																				
BELUM	2023	132	AY	PEREMPUAN									JEMBATAN BESI	TAMBORA	JAKARTA BARAT	DKI JAKARTA		0																				
BELUM	2023	133	RASEL YASDA	LAKI-LAKI	JAKARTA	9/12/2006	1	1	3173041209061001	GG. SAMARASA I NO.21 A	012	005	ANGKE	TAMBORA	JAKARTA BARAT	DKI JAKARTA	083172710045	0		azissaputra26820@gmail.com	SUGANDA	3173040905740010	JAKARTA	5/9/1974	KARYAWAN SWASTA	YATI BINTI BUANG	3173044503810006	JAKARTA	3/5/1981	MENGURUS RUMAH TANGGA								
TIDAK AKTIF	2023	134	RAIHAN ESA SAPUTRA	LAKI-LAKI	JAKARTA	2/27/2003	0	1	3173042702030012	JL. KAMPUNG JANIS NO. 3A	003	008	PEKOJAN	TAMBORA	JAKARTA BARAT	DKI JAKARTA	085771849774	0034391091		jackpekojan08@gmail.com	DICKY HANDRY	3173041206750004	BENGKULU	6/12/1975	KARYAWAN SWASTA	OMAH ROHMAH (alm)	Meninggal	Meninggal	Meninggal	Meninggal								
TIDAK AKTIF	2023	135	RIZKY ADITIA MAULANA PUTRA	LAKI-LAKI	CIREBON	9/29/2011	3	2	3209162909110005	JL. PADAMULYA III	004	008	ANGKE	TAMBORA	JAKARTA BARAT	DKI JAKARTA	081294536447	0114966193			NANA MAULANA (alm)					SITI JUMRIAH	3173044808900004	JAKARTA	8/8/1990	MENGURUS RUMAH TANGGA								
BELUM	2023	136	HENDRA	LAKI-LAKI									JEMBATAN BESI	TAMBORA	JAKARTA BARAT	DKI JAKARTA		0																				
TIDAK AKTIF	2023	137	MUHAMAD AKBAR ADRIANSYAH	LAKI-LAKI	JAKARTA	11/9/2005	1	1	3603120911050008	JLN. KALIANYAR 8 NO.20	009	006	KALI ANYAR	TAMBORA	JAKARTA BARAT	DKI JAKARTA	0895619614760	0055568253	SMP NEGERI 32 JAKARTA	akbaradriansyah32@gmail.com	FAROUK AHMAD F	3603122704760006	JAKARTA	4/27/1976	KARYAWAN SWASTA	ROSYANA	3603125011860005	JAKARTA	11/10/1986	MENGURUS RUMAH TANGGA								
AKTIF	2023	138	MUHAMMAD FATIH FAUZI	LAKI-LAKI					3173040505060010		004	008	ANGKE	TAMBORA	JAKARTA BARAT	DKI JAKARTA		0069870378		fatihgb456@gmail.com	HAMID	3173041607610007	JAKARTA	7/16/1961	PEKERJA RUMAH TANGGA	TARYAMI	3173046710620001	COMAL	10/27/1962	PEKERJA RUMAH TANGGA								
...
[And all remaining 240 rows of your TSV data here]
