STATUS	TAHUN	NO PDKT	JENJANG	NAMA LENGKAP	JENIS KELAMIN	TEMPAT LAHIR	TANGGAL LAHIR	ANAK KE	SAUDARA	NIK	ALAMAT	RT	RW	KELURAHAN	KECAMATAN	KOTA	PROVINSI	NOMOR HP AKTIF	NISN BARU	ASAL SEKOLAH	NOMOR KARTU KELUARGA	ALAMAT E-MAIL	NAMA AYAH	NIK AYAH	TEMPAT LAHIR AYAH	TANGGAL LAHIR AYAH	PEKERJAAN AYAH	NAMA IBU	NIK IBU	TEMPAT LAHIR IBU	TANGGAL LAHIR IBU	PEKERJAAN IBU	NAMA WALI	NIK WALI	TEMPAT LAHIR WALI	TANGGAL LAHIR WALI	HUBUNGAN	TLP AYAH	TLP IBU	TLP WALI
TIDAK AKTIF	2023	001	PAKET A	RIZKY KURNIAWAN	LAKI-LAKI	JAKARTA	4/14/2008	2	2	3173041404080005	JL. TERATE	004	003	JEMBATAN LIMA	TAMBORA	JAKARTA BARAT	DKI JAKARTA	85881010035	0088832474	MIS CHAIRIYAH MANSURIYAH	3173040901095874	rizkikemot16@gmail.com	MUHAMMAD NUR	3173040101700003	JAKARTA	1/1/1970	KARYAWAN SWASTA	WARDIYAH (alm)	Meninggal	Meninggal	Meninggal	Meninggal						-	-	
TIDAK AKTIF	2023	002	PAKET A	ANGELICA PRATAMMY	PEREMPUAN	JAKARTA	5/21/2003	5	1	3173036105030006	JL. KEUTAMAAN DALAM	009	004	KRUKUT	TAMAN SARI	JAKARTA BARAT	DKI JAKARTA	085780322584	3036017443	SD NEGERI KEAGUNGAN 01 PAGI	3173030811100065	enji.drakel2105@gmail.com	ARIF SUWANDANA	3173030501820001	JAKARTA	1/5/1982	GOJEK	RINI	3173036506850006	JAKARTA	6/25/1985	MENGURUS RUMAH TANGGA								
BELUM	2023	003	PAKET B	RADITYA ANWAR	LAKI-LAKI	JAKARTA	7/18/2007	3	2	3173041807071001	JL. KRENDANG SELATAN	009	006	KRENDANG	TAMBORA	JAKARTA BARAT	DKI JAKARTA	85881010035		MIS AL MUAWANATUL KHAERIYAH	3173040701094965	radityaanwar992@gmail.com	PONCO ARTO	3173042109710003	JAKARTA	9/21/1971	BURUH	LELA SANDRA SARI	3173045204910006	SUKABUMI	12/4/1981	MENGURUS RUMAH TANGGA								
AKTIF	2023	004	PAKET C	SITI ANISA AULIA	PEREMPUAN	PANDEGLANG	5/20/2005	3	2	3173046005050003	JL. TAMBORA V DALAM	004	001	TAMBORA	TAMBORA	JAKARTA BARAT	DKI JAKARTA	085809061778	0052532515	SMP ISLAM TAMBORA	3173040801097986	anisaayeaye@gmail.com	HERI AKHYARI	3173042608700001	JAKARTA	8/26/1970	WIRASWASTA	MERI MARYANI	3173044111700002	JAKARTA	11/1/1970	MENGURUS RUMAH TANGGA								
AKTIF	2023	005	PAKET A	FADHILL ROHMAN MARTHIO PUTRA	LAKI-LAKI	TANGGERANG	3/3/2009	5	5	3171010303091001	KP.DURI BARAT	008	008	DURI PULO	GAMBIR	JAKARTA PUSAT	DKI JAKARTA	087817815990 / 087879153804	0097347471	MIS AL MUAWANATUL KHAERIYAH	3171010201099960	padilrohmanmartioputra@gmail.com	JOKO MULYONO	3171011212600002	JAKARTA	12/12/1960	TIDAK BEKERJA	MEGAYATI	3171015110690001	JAKARTA	10/11/1960	MENGURUS RUMAH TANGGA						-	083842999514	
AKTIF	2023	006	PAKET C	DISTRIANA PUTRI SHALEHAH	PEREMPUAN	JAKARTA	12/27/2004	1	1	3173036712040003	JL. KRUKUT LIO NO.9	013	003	KRUKUT	TAMAN SARI	JAKARTA BARAT	DKI JAKARTA	089526058231	0044603517	SMP NEGERI 22 JAKARTA	3173030901097716	distrianaputrishalehah27@gmail.com	IWAN	3173032308770005	JAKARTA	8/23/1977	WIRASUWASTA	SUSY	3173034501800006	JAKARTA	1/5/1980	MENGURUS RUMAH TANGGA								
AKTIF	2023	007	PAKET B	M. FAZRI GUNAWAN	LAKI-LAKI	JAKARTA	4/17/2007	2	1	3173041706071001	JL. LIBERIA DALAM III NO.16	010	010	PEKOJAN	TAMBORA	JAKARTA BARAT	DKI JAKARTA	088214548512	0072065786	SD NEGERI 1 SELABINTANA	3173041007131004	ayuastari1845@gmail.com	ANDRI GUNAWAN	3173040107840003	JAKARTA	6/1/1984	GONDOLA	SITI ROCHMAWATI	3173045204800001	JAKARTA	4/12/1989	MENGURUS RUMAH TANGGA						081212966364	081385206122	
AKTIF	2023	008	PAKET B	INTAN NURAINI	PEREMPUAN	JAKARTA	4/18/2010	2	3	3173045804100001	JL TAMBORA III BETET DALAM NO.1	004	006	TAMBORA	TAMBORA	JAKARTA BARAT	DKI JAKARTA	085711518753	3109743948	MIS NURUL ANWAR	3173042505100021	ntannnnuraini@gemail.com	AKHAMAD RUHIYAT	3173041702820011	JAKARTA	2/17/1982	PROYEK	CHANIFAH	3173046105870008	JAKARTA	5/21/1987	MENGURUS RUMAH TANGGA						-	-	
AKTIF	2023	009	PAKET B	DAVIO NATANAEL	LAKI-LAKI	JAKARTA	9/21/2007	2	1	3173042109071003	JL. KRENDANG BARAT	008	005	KRENDANG	TAMBORA	JAKARTA BARAT	DKI JAKARTA	87781340530	0076450478	SDN DURI UTARA 06 PETANG	3173040701098470	davionatanael@gmail.com	HENRY	3173040106860001	JAKARTA	6/1/1986	WIRASUATA	INDAH KHAERANI	3173046209890002	JAKARTA	9/22/1989	MENGURUS RUMAH TANGGA						085813527078	-	
TIDAK AKTIF	2023	010	PAKET B	NOVITA DEWI	PEREMPUAN	JAKARTA	11/2/2006	1	1	3173044211060001	JL SAWAH LIO IV DALAM NO.25	003	006	JEMBATAN LIMA	TAMBORA	JAKARTA BARAT	DKI JAKARTA	85817101655	3064897400	MIS TUNAS KARYA	3173040901092599	nd4486949@gmail.com	NUR KARDI	3173041505580008	JAKARTA	5/15/1958	BURUH	Nurdilalah	3173045208650004	BOGOR	8/12/1965	MENGURUS RUMAH TANGGA						081270252183	-	
TIDAK AKTIF	2023	011	PAKET A	ALFIANSYAH PRATAMA	LAKI-LAKI	JAKARTA	5/10/2008	5	2	3173041005080007	JEMBATAN BESI	007	002	JEMBATAN BESI	TAMBORA	JAKARTA BARAT	DKI JAKARTA	085717878417	0083280739	SDN KALONGSAWAH 03	3173041701093275	alpinjrjr296@gmail.com	ALIYUDIN	3173042409800008	JAKARTA	9/24/1980	WIRASWASTA	IIN INAYAH		JAKARTA	7/15/1985	MENGURUS RUMAH TANGGA								
AKTIF	2023	012	PAKET C	FIKRI A'FAN RAMADHAN	LAKI-LAKI	JAKARTA	10/15/2005	3	2	3173041510051001	JL.JEMBATAN BESI	007	002	JEMBATAN BESI	TAMBORA	JAKARTA BARAT	DKI JAKARTA	085814536962	0055182567	MTSS CHAIRIYAH MANSURIYAH	3173042110100086	fikriafan2@gmail.ccom	JULIANTO	3173041507730020	KEBUMEN	7/15/1973	KULI	YATINAH	3173045008760012	KEBUMEN	9/10/1976	MENGURUS RUMAH TANGGA								
TIDAK AKTIF	2023	013	PAKET C	FAISAL	LAKI-LAKI	JAKARTA	2/25/2002	4	4	3173032502020008	JL. KEUTAMAAN DALAM NO. 17	009	004	KRUKUT	TAMAN SARI	JAKARTA BARAT	DKI JAKARTA	085710191346	0021286979	SMP ISLAM TAMBORA	3173031504110001	faisal250202@gmail.com	JUWANDA	3173031504720009	JAKARTA	4/15/1972	WIRASWASTA	YETTI SUHANDI	3173034304740004	JAKARTA	4/3/1974	MENGURUS RUMAH TANGGA								
TIDAK AKTIF	2023	014	PAKET B	HADI SOFIYAN	LAKI-LAKI	JAKARTA	7/8/2003	3	2	3173040807030004	JL. KALIANYAR	006	001	KALI ANYAR	TAMBORA	JAKARTA BARAT	DKI JAKARTA	0895411918497	0039520034	MIS AL ITTIHAD	3173042001096462	hadisofyan090@gmail.com	TURISO	3173041511760007	JAKARTA	11/15/1976	BURUH	TUTI	3173046706810006	JAKARTA	6/27/1981	BURUH								
AKTIF	2023	015	PAKET A	ARYA PRATAMA	LAKI-LAKI	JAKARTA	7/21/2004	2	1	3173042107040010	JL. H JAMHARI	010	002	ANGKE	TAMBORA	JAKARTA BARAT	DKI JAKARTA	085694027289	3046486082	SD NEGERI ANGKE 06 PAGI	3173041401098588	Sururiafifali90@gmail.com	ABRAHAM BIN EDDY F	3173040106600004	JAKARTA	6/1/1960	BURUH HARIAN LEPAS	Arsita	3173045812660004	JAKARTA	12/18/1966	MENGURUS RUMAH TANGGA						-	-	
AKTIF	2023	016	PAKET B	GALUH SAPUTRA	LAKI-LAKI	JAKARTA	8/23/2005	4	2	3173042308050002	JL. ANGKE INDAH	002	003	ANGKE	TAMBORA	JAKARTA BARAT	DKI JAKARTA	083890641031	0054579977	SD NEGERI ANGKE 06 PAGI	3173041401098057	Galuhsaputra2318@gmail.com	ENDIN	3173040705750007	JAKARTA	5/7/1975	KARYAWAN SWASTA	SUHERNA	3173047007810005	JAKARTA	7/30/1981	MENGURUS RUMAH TANGGA						0895391893592	-	
TIDAK AKTIF	2023	017	PAKET B	DIDI ALIANSYAH	LAKI-LAKI	JAKARTA	6/4/2004	1	2	3173040406040006	JL.JEMBATAN BESI	004	001	JEMBATAN BESI	TAMBORA	JAKARTA BARAT	DKI JAKARTA	085880034517	0043607263	MIS LKPMDK	3173041701090925	aliansyahdidi7@gmail.com	ADE IRAWAN	3173042511770003	PANDEGLANG	11/25/1977	SWASTA	MASAMAH	3173046002820007	JAKARTA	2/28/1982	MENGURUS RUMAH TANGGA						081218614691	-	
TIDAK AKTIF	2023	018	PAKET B	MUHAMMAD SURYA	LAKI-LAKI	JAKARTA	7/26/2002	3	2	3173042607020006	JL.JEMBATAN BESI	008	001	JEMBATAN BESI	TAMBORA	JAKARTA BARAT	DKI JAKARTA	085811580357	0024954333	SMP PGRI 32 JAKARTA	3173041901091496	SuryaKozul26@gmail.com	GANDARIA (alm)	Meninggal	Meninggal	Meninggal	Meninggal	MULYANAH	3173044305750006	JAKARTA	5/3/1975	PENJAHIT						-	-	
TIDAK AKTIF	2023	019	PAKET C	INDRA HILMANSYAH	LAKI-LAKI	JAKARTA	9/1/2003	5	3	3173040109030002	GG.PANCA KRIDA I NO.36	006	004	DURI UTARA	TAMBORA	JAKARTA BARAT	DKI JAKARTA		0037893223	PKBM TANJUNG	3173041001097731	Indrahilmansyah091@gmail.com	MUHAMMAD SURYADI	3173041810700003	JAKARTA	10/18/1970	WIRASWASTA	SARI ISWATI	3173044901780003	JAKARTA	1/9/1978	MENGURUS RUMAH TANGGA								
TIDAK AKTIF	2023	020	PAKET C	AKMAL FATHONI	LAKI-LAKI	JAKARTA	10/1/2003	2	1	3173040110030004	JL JEMBATAN BESI	006	001	JEMBATAN BESI	TAMBORA	JAKARTA BARAT	DKI JAKARTA	083876980452	0035256011	SMP FATACHILAH	3173041901090479	umilela1977@gmail.com	SUHAEBI	3173040204740006	PANDEGLANG	4/2/1974	WIRASWASTA	NURLAELA M	3173046002770002	JAKARTA	2/20/1977	MENGURUS RUMAH TANGGA								
AKTIF	2023	021	PAKET B	CANTIKA	PEREMPUAN	JAKARTA	5/7/2010	4	4	3211034705100002	JL.KRENDANG UTARA	002	003	KRENDANG	TAMBORA	JAKARTA BARAT	DKI JAKARTA	88213717292	3093126984	MIS CIEUNTEUNG	3173041109240011	cikacantika042@gmail.com	HENDRA	3173031502720001	JAKARTA	9/16/1977	WIRASWASTA	UNASIH	3211035002760008	JAKARTA	2/10/1976	MENGURUS RUMAH TANGGA						-	085770410437	
BELUM	2023	022	PAKET B	MUHAMMAD ARYA LUTFI	LAKI-LAKI	JAKARTA	4/13/2005	11	10	3173041304051001	JL JEMBATAN BESI I	006	004	JEMBATAN BESI	TAMBORA	JAKARTA BARAT	DKI JAKARTA	085717533371	3058819629	MIS CHAIRIYAH MANSURIYAH	3173041211100126	Baujigong19@gmail.com	JUNAEDI	3173041208690002	JAKARTA	8/12/1969	TIDAK BEKERJA	ROHANAH	3173044705651002	JAKARTA	5/7/1965	MENGURUS RUMAH TANGGA						-	085771346377	
AKTIF	2023	023	PAKET B	SHOFIYAH TUDZDZAKIYYAH	PEREMPUAN	KARAWANG	2/28/2007	3	2	3173046802070002	JL. GG. KIARA I	007	005	JEMBATAN LIMA	TAMBORA	JAKARTA BARAT	DKI JAKARTA	085716383744	0071044613	SDN KERTAMULYA III	3173041001091878	pipitw830@gmail.com	M TAZKIR JAKARIA	3173041504770015	JAKARTA	9/15/1977	BURUH TANI LEPAS	KARTINI	3173048609820006	PANDEGLANG	2/28/2007	MENGURUS RUMAH TANGGA								
AKTIF	2023	024	PAKET B	RAHMA YULIANTI	PEREMPUAN	JAKARTA	7/29/2006	2	2	3173046907060007	JL SAWAH LIO II/50A	008	001	JEMBATAN LIMA	TAMBORA	JAKARTA BARAT	DKI JAKARTA	088210763057	3063939440	MIS TUNAS KARYA	3173042009210006	rahmayulianti028@gmail.com	CASIBAN	3173040309731001	PEMALANG	9/3/1973	WIRASWASTA	HALIMAH	3173046905800005	JAKARTA	5/29/1980	MENGURUS RUMAH TANGGA								
TIDAK AKTIF	2023	025	PAKET C	MUHAMMAD DANI FIRMANSYAH	LAKI-LAKI	JAKARTA	6/9/2005	1	1	3173040906050006	JL JEMBATAN BESI II	006	001	JEMBATAN BESI	TAMBORA	JAKARTA BARAT	DKI JAKARTA	085817919892	0054749162	SMP FATACHILAH	3173040912100216	danifrmnsyh70@gmail.com	MUHAMAD SOLEH		JAKARTA	11/5/1979	BURUH HARIAN LEPAS	MAS HARYATI	3173044806840011	JAKARTA	6/8/1984	MENGURUS RUMAH TANGGA								
TIDAK AKTIF	2023	026	PAKET A	VINZA ARIPIN	PEREMPUAN	JAKARTA	7/26/2010	1	2	3173046607101004	JLN KRENDANG BARAT	001	004	KRENDANG	TAMBORA	JAKARTA BARAT	DKI JAKARTA		0109682257	MIS MANBAUL CHAIRAT	3173040607111004	Piyarorgen@gmail.com	ARIPIN (alm)	Meninggal	Meninggal	Meninggal	Meninggal	ASNAH	3173044212820016	JAKARTA	12/2/1982	MENGURUS RUMAH TANGGA								
AKTIF	2023	027	PAKET A	MUHAMAD FIRLANA	LAKI-LAKI	JAKARTA	6/20/2011	4	4	3173042006111011	JL.PADAMULYA III	005	008	ANGKE	TAMBORA	JAKARTA BARAT	DKI JAKARTA	0895365220039	0114607881	SDS SARI PUTRA	3173043110190001	muhamdfirlana@gmail.com	YADI KUSUMA	3201350203830001	BOGOR	3/2/1983	WIRASWASTA	YUNI MULIANA	3173044707881005	JAKARTA	7/7/1988	MENGURUS RUMAH TANGGA						082124676757	081410900645	
TIDAK AKTIF	2023	028	PAKET C	RANDI HARDANDI	LAKI-LAKI	JAKARTA	5/28/2003	3	1	3173042805030008	JLN KIARA VII NO.17	007	005	JEMBATAN LIMA	TAMBORA	JAKARTA BARAT	DKI JAKARTA	081511411215	0034391165	SMP NEGERI 32 JAKARTA	3173041001092156	kodebarat78@gmail.com	HARDIAN RUSWAN	3173042611800010	JAKARTA	11/25/1980	BURUH	RATNASARI	3173044505800016		6/5/1980	DAGANG								
BELUM	2023	029	PAKET C	ARDIYANA	LAKI-LAKI	INDRAMAYU	11/28/2008	3	2	3212082811080004	JL. SAWAH LIO GANG 7	004	008	JEMBATAN LIMA	TAMBORA	JAKARTA BARAT	DKI JAKARTA	89513098829	0083071068	SMP KOSGORO	3173042110210010	alfialfinurhadi@gmail.com	ACAP NURHADI	3212081303800010	INDRAMAYU	4/13/1980	WIRASWASTA	EPI DAMAYANTI	3173045510800014	JAKARTA	10/15/1980	MENGURUS RUMAH TANGGA								
AKTIF	2023	030	PAKET C	HERLINA	PEREMPUAN	TANGGERANG	6/28/2005	3	3	3171016806050004	JL SETIA KAWAN UJUNG NO 36	014	012	DURI PULO	GAMBIR	JAKARTA PUSAT	DKI JAKARTA	089654766987	0051340930	SMP NEGERI 32 JAKARTA	3171011509151004	herermilianaliana@gmail.com	NASIRI MUHAMMAD HERY (alm)	Meninggal	Meninggal	Meninggal	Meninggal	ERMI LIANA	3603114212750001	JAKARTA	12/2/1975	MENGURUS RUMAH TANGGA								
TIDAK AKTIF	2023	031	PAKET C	DAFFA FARREL PUTRA MUHAMMAD	LAKI-LAKI	JAKARTA	12/23/2003	2	1	3174052312030011	JURAGANAN	010	008	GROGOL UTARA	KEBAYORAN LAMA	JAKARTA SELATAN	DKI JAKARTA	0881011802213	0036978490	SMA NEGERI 24 JAKARTA	3174050310110108	farreld650@gmail.com	MUHAMMAD THOHIR	3174051105750004	JAKARTA	6/11/1973	KARYAWAN SWASTA	RIDAR BUDI ANDRIYANI	3174054511770009	PURWOREJO	9/5/1977	MENGURUS RUMAH TANGGA								
BELUM	2023	032	PAKET B	WINDI	PEREMPUAN	JAKARTA	5/1/2008	2	1	3173044105081005	JL. ANGKE BARAT NO.86	004	002	ANGKE	TAMBORA	JAKARTA BARAT	DKI JAKARTA	83867964322	0092693230	SD NEGERI KOPER 2	3173042809220002	wwindiayulestari09@gmail.com	WAAD	3604150401780004	SERANG	1/4/1978	BURUH	IKAH	3604154510800003	SERANG	10/5/1980	MENGURUS RUMAH TANGGA								
AKTIF	2023	033	PAKET C	REYZA AHMAD FADILA	LAKI-LAKI	BEKASI	5/29/2004	2	1	3173022905040005	KP. BULAK TEKO	009	011	KALIDERES	KALIDERES	JAKARTA BARAT	DKI JAKARTA	085697089133	0041593466	SMP MAARIF JAKARTA	3173061712121086	reyzaahmadfadila@gmail.com	RAIS	3173020110790010	SUMEDANG	4/10/1979	Supir	DITA SARTIKA	3173025201860005	Jakarta	12/3/1986	Ibu rumah tangga								
TIDAK AKTIF	2023	034	PAKET C	MUHAMMAD GALANG PERMANA	LAKI-LAKI	JAKARTA	3/3/2006	3	1	3173040303060012	JL NELAYAN BARAT NO 12	001	003	ROA MALAKA	TAMBORA	JAKARTA BARAT	DKI JAKARTA	81998308068	0066715860	SMP ISLAM CHAIRIYAH MANSURIYAH	3173042709110020	ari.susanti8107@gmail.com	MUHAMMAD ISTIQNAN	3173042201830002	TANGGERANG	1/22/1983	Sopir	Ari Susanti	3173046311810018	JAKARTA	11/23/1981	MENGURUS RUMAH TANGGA								
TIDAK AKTIF	2023	035	PAKET B	AHMAD FAUJI	LAKI-LAKI	TANGGERANG	3/6/2005	3	2	3603050603050002	JL. SAMARASA I	011	005	ANGKE	TAMBORA	JAKARTA BARAT	DKI JAKARTA	81617335497	3056075126	PKBM PANGERAN JAYAKARTA	3173041401092900	ozistovia45@gmail.com	ADUNG	3603051011790000	TANGGERANG	10/11/1979	Karyawan swasta	Halimah	Meninggal	Meninggal	Meninggal	Meninggal								
AKTIF	2023	036	PAKET B	ASEP MULYANA	LAKI-LAKI	JAKARTA	10/30/2006	4	3	3173043010060006	GG.SAMARASA I / 26	003	004	ANGKE	TAMBORA	JAKARTA BARAT	DKI JAKARTA	81617332312	0069773570	SDN ANGKE 05	3173042904190015	soeherniarif01@gmail.com	ISAK BIN DANA (alm)	Meninggal	Meninggal	Meninggal	Meninggal	SOEHERNI (alm)	Meninggal	Meninggal	Meninggal	Meninggal						-	-	
AKTIF	2023	037	PAKET C	STEVE DANIEL AFRLIANO	LAKI-LAKI	BEKASI	4/28/2005	3	2	3173032804050006	JL TANGKI WOOD 1 NO 2	009	003	TANGKI	TAMAN SARI	JAKARTA BARAT	DKI JAKARTA	081998873643	0050712091	SMP ISLAM TAMBORA	3173030701097714	stevedanielafriliano@gmail.com	NGATNO	3173030804790004	BLEWAH	8/4/1979	DAGANG	PARTININGSIH	3173036710750005	SRAGEN	10/27/1975	IBU RUMAH TANGGA								
AKTIF	2023	038	PAKET B	MUHAMMAD ALFIANSYAH	LAKI-LAKI	JAKARTA	4/6/2004	2	1	3173040604040004	JL.GG BETET DALAM NO.1	004	006	TAMBORA	TAMBORA	JAKARTA BARAT	DKI JAKARTA	82311161382	0041009771	MI NURUL ANWAR	3173040801098248	alpichocolatoz@gmail.com	SUHENDRY	3173041907801001	JAKARTA	7/19/1980	JAHIT	NURHAFIFAH	3173044910840010	JAKARTA	9/10/1984	MENGURUS RUMAH TANGGA						-	085810263899	
AKTIF	2023	039	PAKET B	DIMAS FATLAN FAUZAN	LAKI-LAKI	JAKARTA	5/22/2007	2	1	3173042205071001	GG PADAMULYA III	005	008	ANGKE	TAMBORA	JAKARTA BARAT	DKI JAKARTA		3078705960	SMPN 159 JAKARTA	3183042604111011	huuhu509@gmail.com	MEI DINI YANTO	3326080805830001	PEKALONGAN	5/5/1983	BURUH HARIAN LEPAS	SITI HODIJAH	3173046806790010	JAKARTA	6/28/1979	MENGURUS RUMAH TANGGA						0882002594676	0882002594676	
TIDAK AKTIF	2023	040	PAKET C	AYYIF MAGHRIFAL FATHUR. R	LAKI-LAKI	JAKARTA	5/19/2005	4	1	3173041905050001	JLN. KAMPUNG JANIS	005	008	PEKOJAN	TAMBORA	JAKARTA BARAT	DKI JAKARTA	'085775602077	0057937427	RAUDHATUL ISLAMIAH TAMBORA	3173040501096545	ayyifmagriffal@gmail.com	ROHMAN	3173040309770006	JAKARTA	3/9/1977	OJEK ONLINE	VERAWATI	3173046701820004	JAKARTA	1/27/1982	RUMAH TANGGA								
TIDAK AKTIF	2023	041	PAKET A	ARBY PRASETIYO	LAKI-LAKI	JAKARTA	12/21/2009	8	4	3173042112091005	JEMBATAN BESI	006	001	JEMBATAN BESI	TAMBORA	JAKARTA BARAT	DKI JAKARTA	085882008537	0095137623	Sdi teladan ykpi	3173041701099611	Lammmsyah13@gmail.com	TOHA	3173041305690010	CIAMIS	5/13/1969	PPSU	TUTI ALAWIYAH	3173046708780012	JAKARTA	8/27/1978	RUMAH TANGGA								
TIDAK AKTIF	2023	042	PAKET A	AHMAD RAFLI AGUSTINO	LAKI-LAKI	JAKARTA	8/11/2009	3	3	3173041108091002	JL. SAMARASA I	004	004	ANGKE	TAMBORA	JAKARTA BARAT	DKI JAKARTA	085777902681	0099535294		3173041401098625	ahmadrafliagustino5@gmail.com	JUHRO BIN AMING	3173041503790014	SERANG	3/15/1979	WIRASWASTA	UPIT	3173046810760002	JAKARTA	10/28/1976	IBU RUMAH TANGGA						-	088809732338	
TIDAK AKTIF	2023	043	PAKET B	DWI RAMADHAN	LAKI-LAKI	JAKARTA	9/12/2008	6	5	3173041209080004	JL KAMPUNG JANIS	005	008	PEKOJAN	TAMBORA	JAKARTA BARAT	DKI JAKARTA	085781843593	0084463448	YPI MI Raudlatul islamiyah	3173040601090729	rahmatbudi491@gmail.com	BUDI RAHMAT	3173041801730003	JAKARTA	1/18/1973	BURUH	SARILAH	3173045407730003	JAKARTA	7/14/1973	IBU RUMAH TANGGA								
TIDAK AKTIF	2023	044	PAKET A	NURUL AISAH	PEREMPUAN	JAKARTA	2/24/2007	2	2	3173046402070004	JLN LAKSA IV DALAM	001	002	JEMBATAN LIMA	TAMBORA	JAKARTA BARAT	DKI JAKARTA	88294112054	0072773823	MIS CHAIRIYAH MANSURIYAH	3173042104160010	akunurulaisya@gmail.com	MAHDOR	3171011005610003	JAKARTA	5/10/1961	KARYAWAN SWASTA	ROHANI	3173045304810007	JAKARTA	4/13/1981	MENGURUS RUMAH TANGGA						081770160608	-	
TIDAK AKTIF	2023	045	PAKET A	OKTAVIA NUR HIKMAH	PEREMPUAN	JAKARTA	10/6/2006	1	1	3173044610060001	JL.LAKSA IV DALAM NO 26	001	002	JEMBATAN LIMA	TAMBORA	JAKARTA BARAT	DKI JAKARTA	088293830145	0066808598	MIS CHAIRIYAH MANSURIYAH	3173040901097027	fiyaoktafiya52@gmail.com	MUHAMMAD ADI SUROSO	3173041304840006	PEMALANG	4/13/1984	WIRASWASTA	SARTIAH	3173047007720003	JAKARTA	7/30/1972	MENGURUS RUMAH TANGGA						-	-	
TIDAK AKTIF	2023	046	PAKET B	WASIE SYAMSIDAR	LAKI-LAKI	JAKARTA	7/26/2006	3	2	3173042607050001	JL. KALIANYAR V NO. 16	011	003	KALI ANYAR	TAMBORA	JAKARTA BARAT	DKI JAKARTA	81398456529	0054159685	MIS AL ITTIHAD	3173042001090783	wasie.syamsi@gmail.com	EDY	3173040305690003	JAKARTA	5/3/1969	KARYAWAN SWASTA	YUNIARTI	3173046606770002	JAKARTA	6/26/1977	MENGURUS RUMAH TANGGA								
AKTIF	2023	047	PAKET A	FENI AULIA OKTAVIANI	PEREMPUAN	JAKARTA	10/5/2010	3	4	3173044510101008	JL.JEMBATAN BESI	011	001	JEMBATAN BESI	TAMBORA	JAKARTA BARAT	DKI JAKARTA	08815936469	3107225979	SDS Teladan YKPI Pt	3173041601097311	feniaulia861@gmail.com	DEDY SUMANTRI	3173040704710011	JAKARTA	4/7/1971	KARYAWAN SWASTA	KANTIL	3173045210690001	JAKARTA	10/12/1969	MENGURUS RUMAH TANGGA						-	-	
TIDAK AKTIF	2023	048	PAKET B	RIDHO PUTRA IRAWAN	LAKI-LAKI	JAKARTA	6/4/2009	2	1	3173040406090001	JL. KALI ANYAR V NO. 41	011	003	KALI ANYAR	TAMBORA	JAKARTA BARAT	DKI JAKARTA	85715694590	0093975363	SD NEGERI GUNUNGSINDUR 03	3173041901095010	ziqroiqo@gmail.com	DENNY	3173043006820002	JAKARTA	6/30/1982	KARYAWAN SWASTA	YULIANA MUBAROKAH	3173025404880003	JAKARTA	5/14/1988	MENGURUS RUMAH TANGGA								
TIDAK AKTIF	2023	049	PAKET B	MUHAMMAD KHADAFI	LAKI-LAKI	JAKARTA	1/20/2003	5	3	3173042001031003	JL. KRENDENG UTARA	001	003	KRENDANG	TAMBORA	JAKARTA BARAT	DKI JAKARTA	085712569668	0034889156	MIS CHAIRIYAH MANSURIYAH	3173040801090225	dafisgk29@gmail.com	RUHAEDI	3173042702750003	JAKARTA	2/27/1975	PARKIR	IDA FARIDA	3173046512790010	JAKARTA	12/25/1979	MENGURUS RUMAH TANGGA						085718451439	085718451439	
AKTIF	2023	050	PAKET B	ANDI PERMANA	LAKI-LAKI	JAKARTA	7/17/2010	1	1	3173041707101010	KRENDANG UTARA	001	003	KRENDANG	TAMBORA	JAKARTA BARAT	DKI JAKARTA		3106974676	MIS MANBAUL CHAIRAT	3173041712121006	Usupkobra17@gmail.com	BUBUN (alm)	Meninggal	Meninggal	Meninggal	Meninggal	YOYOH`	3173046003870009	JAKARTA	3/20/1987	MENGURUS RUMAH TANGGA						-	-	
AKTIF	2023	051	PAKET A	MUHAMAD RAMDON	LAKI-LAKI	JAKARTA	10/21/2006	1	0	3173042110060006	JL KRENDANG UTARA	001	003	KRENDANG	TAMBORA	JAKARTA BARAT	DKI JAKARTA	088976484499	3063147490		3173040306141007	ramdonmuhamad72@gmail.com	LAMHANI	3173042702730001	JAKARTA	2/27/1973	BURUH	CHOTIJAH	3173046001740007	CIAMIS	1/20/1974	MENGURUS RUMAH TANGGA						-	081295394713	
AKTIF	2023	052	PAKET A	FAQIH SYAHRONI	LAKI-LAKI	JAKARTA	7/13/2008	1	0	3173041307080004	KRENDANG TIMUR 6	001	003	KRENDANG	TAMBORA	JAKARTA BARAT	DKI JAKARTA	085781386722	0087890247		3173040102160024	fakihsyahroni5@gmail.com	SYAHRONI (alm)	Meninggal	Meninggal	Meninggal	Meninggal	WIDARI	3173045101910005	JAKARTA	1/11/1991	MENGURUS RUMAH TANGGA						-	-	
... [pasted TSV snippet] ...
